Kinase,kinase_uniprot,kinase_paper,sugiyama_specific
ABL1,P00519,ABL1,
ABL1[E255K],,,
ABL1[T315I],,,
ABL2,P42684,ABL2,
ACK,Q07912,TNK2,
ACTR2,P27037,ACVR2A,
ACTR2B,Q13705,ACVR2B,
AKT1,P31749,AKT1,
AKT2,P31751,AKT2,
AKT3,Q9Y243,AKT3,
ALK,Q9UM73,ALK,
ALK[F1174L],,,
ALK[R1275Q],,,
ALK1,P37023,ACVRL1,
ALK2,Q04771,ALK2,
ALK4,P36896,ALK4,
AMPKa1/b1/g1,Q13131,AMPKA1,
AMPKa2/b1/g1,P54646,AMPKA2,
AurA,O14965,AURA,
AurB,Q96GD4,AURB,
AurC,Q9UQB9,AURC,
AXL,P30530,AXL,
BARK1,P25098,GRK2,
BARK2,P35626,GRK3,
BLK,P51451,BLK,
BMPR1A,P36894,BMPR1A,
BMPR1B,O00238,BMPR1B,
BMPR2,Q13873,BMPR2,
BMX,P51813,BMX,
BRAF,P15056,BRAF,
BRAF[V600E],,,
BRK,Q13882,PTK6,
BRSK1,Q8TDC3,BRSK1,
BRSK2,Q8IWQ3,BRSK2,
BTK,Q06187,BTK,
BUB1,O43683,BUB1,
BUBR1,O60566,BUB1B,
CaMK1a,Q14012,CAMK1A,
CaMK1b,Q6P2M8,CAMK1B,
CaMK1d,Q8IU85,CAMK1D,
CaMK2a,Q9UQM7,CAMK2A,
CaMK2b,Q13554,CAMK2B,
CaMK2d,Q13557,CAMK2D,
CaMK2g,Q13555,CAMK2G,
CaMK4,Q16566,CAMK4,
CAMKK1,Q8N5S9,CAMKK1,
CAMKK2,Q96RR4,CAMKK2,
CDC2/CycB1,P06493,CDK1,
CDC7/ASK,P50613,CDK7,
CDK11/CycC,Q9BWU1,CDK19,
CDK2/CycA2,P24941,CDK2,
CDK2/cycE1,P24941,CDK2,
CDK3/CycE1,Q00526,CDK3,
CDK4/CycD3,P11802,CDK4,
CDK4/CYclin D1,P11802,CDK4,
CDK5/p25,Q00535,CDK5,
CDK6/CycD3,Q00534,CDK6,
CDK6/Cyclin D1,Q00534,CDK6,
CDK7/CycH/MAT1,P50613,CDK7,
CDK8/CycC,P49336,CDK8,
CDK9/Cyclin K,P50750,CDK9,
CDK9/CycT1,P50750,CDK9,
CGK2,Q13237,PKG2,
CHK1,O14757,CHK1,
CHK2,O96017,CHK2,
CK1a,P48729,CK1A,
CK1d,P48730,CK1D,
CK1e,P49674,CK1E,
CK1g1,Q9HCP0,CK1G1,
CK1g2,P78368,CK1G2,
CK1g3,Q9Y6M4,CK1G3,
CK2a1,P68400,CK2A1,
CK2a2,P19784,CK2A2,
CLK1,P49759,CLK1,
CLK2,P49760,CLK2,
CLK3,P49761,CLK3,
CLK4,Q9HAZ1,CLK4,
COT,P41279,COT,
CRIK,O14578,CRIK,
CRK7/cycL1,Q9NYV4,CDK12,
CSK,P41240,CSK,
CTK,P42679,MATK,
DAPK1,P53355,DAPK1,
DAPK2,Q9UIK4,DAPK2,
DAPK3,O43293,DAPK3,
DCLK1,O15075,DCAMKL1,
DCLK2,Q8N568,DCAMKL2,
DDR1,Q08345,DDR1,
DDR2,Q16832,DDR2,
DLK,Q12852,DLK,
DMPK1,Q09013,DMPK1,
DRAK2,O94768,STK17B,
DYRK1A,Q13627,DYRK1A,
DYRK1B,Q9Y463,DYRK1B,
DYRK2,Q92630,DYRK2,
DYRK3,O43781,DYRK3,
DYRK4,Q9NR20,DYRK4,
EEF2K,O00418,EEF2K,
EGFR,P00533,EGFR,
EGFR[L858R],,,
EGFR[L861Q],,,
EGFR[T790M/L858R],,,
EGFR[T790M],,,
EPHA1,P21709,EPHA1,
EPHA2,P29317,EPHA2,
EPHA3,P29320,EPHA3,
EPHA4,P54764,EPHA4,
EPHA5,P54756,EPHA5,
EPHA6,Q9UF33,EPHA6,
EphA7,Q15375,EPHA7,
EPHA8,P29322,EPHA8,
EPHB1,P54762,EPHB1,
EPHB2,P29323,EPHB2,
EPHB3,P54753,EPHB3,
EPHB4,P54760,EPHB4,
ErbB2,P04626,ERBB2,
ErbB4,Q15303,ERBB4,
Erk1,P27361,ERK1,
Erk2,P28482,ERK2,
Erk5,Q13164,ERK5,
Erk7,Q8TD08,ERK7,
FAK,Q05397,PTK2,
FER,P16591,FER,
FES,P07332,FES,
FGFR1,P11362,FGFR1,
FGFR2,P21802,FGFR2,
FGFR3,P22607,FGFR3,
FGFR3[K650E],,,
FGFR3[K650M],,,
FGFR4,P22455,FGFR4,
FGR,P09769,FGR,
FLT1,P17948,FLT1,
FLT3,P36888,FLT3,
FLT4,P35916,FLT4,
FMS,P07333,CSF1R,
FRAP,P42345,MTOR,
FRK,P42685,FRK,
FYN,P06241,FYN,
GAK/cycG1,O14976,GAK,
GCK,Q12851,GCK,
GCN2,Q9P2K8,GCN2,
GPRK5,P34947,GRK5,
GPRK7,Q8WTQ7,GRK7,
GSK3a,P49840,GSK3A,
GSK3b,P49841,GSK3B,
Haspin,Q8TF76,HASPIN,
HCK,P08631,HCK,
HGK,O95819,HGK,
HIPK1,Q86Z02,HIPK1,
HIPK2,Q9H2X6,HIPK2,
HIPK3,Q9H422,HIPK3,
HIPK4,Q8NE63,HIPK4,
HRI,Q9BQI3,HRI,
ICK,Q9UPZ9,ICK,
IGF1R,P08069,IGF1R,
IKKa,O15111,IKKA,
IKKb,O14920,IKKB,
IKKe,Q14164,IKKE,
INSR,P06213,INSR,
IRAK1,P51617,IRAK1,
IRAK4,Q9NWZ3,IRAK4,
IRR,P14616,INSRR,
ITK,Q08881,ITK,
JAK1,P23458,JAK1,
JAK2,O60674,JAK2,
JAK3,P52333,JAK3,
JNK1,P45983,JNK1,
JNK2,P45984,JNK2,
JNK3,P53779,JNK3,
KDR,P35968,KDR,
KHS1,Q9Y4K4,KHS1,
KIT,P10721,KIT,
KIT[T670I],,,
KIT[V560G],,,
LATS1,O95835,LATS1,
LATS2,Q9NRM7,LATS2,
LCK,P06239,LCK,
LIMK1,P53667,LIMK1,
LIMK2,P53671,LIMK2,
LKB1,Q15831,LKB1,
LOK,O94804,LOK,
LRRK2,Q5S007,LRRK2,
LRRK2[G2019S],,,
LTK,P29376,LTK,
LYNa,P07948,LYN,
LYNb,P07948-2,,
LZK,O43283,MAP3K13,
MAP2K1,Q02750,MEK1,
MAP2K2,P36507,MEK2,
MAP2K3,P46734,MAP2K3,
MAP2K4,P45985,MAP2K4,
MAP2K5,Q13163,MEK5,
MAP2K6,P52564,MAP2K6,
MAP2K7,O14733,MAP2K7,
MAP3K1,Q13233,MEKK1,
MAP3K2,Q9Y2U5,MEKK2,
MAP3K3,Q99759,MEKK3,
MAP3K4,Q9Y6R4,MAP3K4,
MAP3K5,Q99683,ASK1,
MAPKAPK2,P49137,MAPKAPK2,
MAPKAPK3,Q16644,MAPKAPK3,
MAPKAPK5,Q8IW41,MAPKAPK5,
MARK1,Q9P0L2,MARK1,
MARK2,Q7KZI7,MARK2,
MARK3,P27448,MARK3,
MARK4,Q96L34,MARK4,
MAST2,Q6P0Q8,MAST2,
MELK,Q14680,MELK,
MER,Q12866,MERTK,
MET,P08581,MET,
MET[Y1235D],,,
MINK,Q8N4C8,MINK,
MLK1,P80192,MLK1,
MLK2,Q02779,MLK2,
MLK3,Q16584,MLK3,
MNK1,Q9BUB5,MNK1,
MNK2,Q9HBH9,MNK2,
MOK,Q9UQ07,MOK,
MOS,P00540,MOS,
MPSK1,O75716,MPSK1,
MRCKa,Q5VT25,MRCKA,
MRCKb,Q9Y5S2,MRCKB,
MSK1,O75582,MSK1,
MSK2,O75676,MSK2,
MSSK1,Q9UPE1,SRPK3,
MST1,Q13043,MST1,
MST2,Q13188,MST2,
MST3,Q9Y6E0,MST3,
MST4,Q9P289,MST4,
MUSK,O15146,MUSK,
MYT1,Q99640,PKMYT1,
NDR1,Q15208,NDR1,
NDR2,Q9Y2H1,NDR2,
NEK1,Q96PY6,NEK1,
NEK11,Q8NG66,NEK11,
NEK2,P51955,NEK2,
NEK4,P51957,NEK4,
NEK6,Q9HC98,NEK6,
NEK7,Q8TDX7,NEK7,
NEK9,Q8TD19,NEK9,
NIK,Q99558,NIK,
NIM1,Q8IY84,NIM1,
NLK,Q9UBE8,NLK,
NuaK1,O60285,NUAK1,
NuaK2,Q9H093,NUAK2,
OSR1,O95747,OSR1,
p38a,Q16539,P38A,
p38b,Q15759,P38B,
p38d,O15264,P38D,
p38g,P53778,P38G,
p70S6K,P23443,P70S6K,
p70S6Kb,Q9UBS0,P70S6KB,
PAK1,Q13153,PAK1,
PAK2,Q13177,PAK2,
PAK3,O75914,PAK3,
PAK4,O96013,PAK4,
PAK5,Q9P286,PAK5,
PAK6,Q9NQU5,PAK6,
PASK,Q96RG2,PASK,
PBK,Q96KB5,PBK,
PCTAIRE1,Q00536,CDK16,
PDGFRa,P16234,PDGFRA,
PDGFRa[T674I],,,
PDGFRa[V561D],,,
PDGFRb,P09619,PDGFRB,
PDHK1,Q15118,PDHK1,
PDHK2,Q15119,,PDHK2
PDHK3,Q15120,PDHK3,
PDHK4,Q16654,PDHK4,
PEK,Q9NZJ5,PERK,
PFTAIRE1/cycD3,O94921,CDK14,
PHKG1,Q16816,PHKG1,
PHKG2,P15735,PHKG2,
PIK3C3,Q8NEB9,,PIK3C3
PIK3CB/PIK3R1,P42338,,PIK3CB
PIK3CD/PIK3R1,O00329,,PIK3CD
PIK3CG,P48736,,PIK3CG
PIK3CG/PIK3R5,P48736,,PIK3CG
PIK4CA,P42356,,PIK4CA
PIM1,P11309,PIM1,
PIM2,Q9P1W9,PIM2,
PIM3,Q86V86,PIM3,
PIP4K2B,P78356,,PIP4K2B
PIP5K1C,O60331,,PIP5K1C
PKACa,P17612,PKACA,
PKACb,P22694,PKACB,
PKACg,P22612,PKACG,
PKCa,P17252,PKCA,
PKCb1,P05771,PKCB,
PKCb2,P05771-2,,
PKCd,Q05655,PKCD,
PKCe,Q02156,PKCE,
PKCg,P05129,PKCG,
PKCh,P24723,PKCH,
PKCi,P41743,PKCI,
PKCt,Q04759,PKCT,
PKCz,Q05513,PKCZ,
PKD1,Q15139,PRKD1,
PKD2,Q9BZL6,PRKD2,
PKD3,O94806,PRKD3,
PKG1a,Q13976,PKG1,
PKG1b,Q13976-2,,
PKN1,Q16512,PKN1,
PKN2,Q16513,PKN2,
PKN3,Q6P5Z2,PKN3,
PKR,P19525,PKR,
PLK1,P53350,PLK1,
PLK2,Q9NYY3,PLK2,
PLK3,Q9H4B4,PLK3,
PLK4,O00444,PLK4,
PRKX,P51817,PRKX,
PRPK,Q96S44,PRPK,
PYK2,Q14289,PTK2B,
QIK,Q9H0K1,QIK,
RAF1,P04049,RAF1,
RET,P07949,RET,
RET[G691S],,,
RET[M918T],,,
RET[S891A],,,
RET[Y791F],,,
RHOK,Q15835,GRK1,
RIPK2,O43353,RIPK2,
ROCK1,Q13464,ROCK1,
ROCK2,O75116,ROCK2,
RON,Q04912,MST1R,
ROR1,Q01973,ROR1,
ROR2,Q01974,ROR2,
ROS,P08922,ROS1,
RSK1,Q15418,P90RSK,
RSK2,P51812,RSK2,
RSK3,Q15349,RSK3,
RSK4,Q9UK32,RSK4,
SGK1,O00141,SGK1,
SGK2,Q9HBY8,SGK2,
SGK3,Q96BR1,SGK3,
SGK496,Q6XUX3,DSTYK,
SIK,P57059,SIK,
skMLCK,Q9H1R3,SKMLCK,
SLK,Q9H2G2,SLK,
smMLCK,Q15746,SMMLCK,
SPHK1,Q9NYA1,,SPHK1
SPHK2,Q9NRA0,,SPHK2
SRC,P12931,SRC,
SRM,Q9H3Y6,SRMS,
SRPK1,Q96SB4,SRPK1,
SRPK2,P78362,SRPK2,
STK33,Q9BYT3,STK33,
STLK3,Q9UEW8,STLK3,
SYK,P43405,SYK,
TAK1,O43318,TAK1,
TAO1,Q7L7X3,TAO1,
TAO2,Q9UL54,TAO2,
TBK1,Q9UHD2,TBK1,
TEC,P42680,TEC,
TESK1,Q15569,TESK1,
TESK2,Q96S53,TESK2,
TGFbR1,P36897,TGFBR1,
TIE2,Q02763,TEK,
TLK1,Q9UKI8,TLK1,
TLK2,Q86UE8,TLK2,
TNIK,Q9UKE5,TNIK,
TNK1,Q13470,TNK1,
TNNI3K,Q59H18,TNNI3K,
TRKA,P04629,NTRK1,
TRKB,Q16620,NTRK2,
TRKC,Q16288,NTRK3,
TSSK1,Q9BXA7,TSSK1,
TSSK2,Q96PF2,TSSK2,
TTBK1,Q5TCY1,TTBK1,
TTK,P33981,TTK,
TXK,P42681,TXK,
TYK2,P29597,TYK2,
TYRO3,Q06418,TYRO3,
ULK3,Q6PHR2,ULK3,
VRK1,Q99986,VRK1,
VRK2,Q86Y07,VRK2,
WEE1,P30291,WEE1,
WNK1,Q9H4A3,WNK1,
WNK2,Q9Y3S1,WNK2,
WNK3,Q9BYP7,WNK3,
WNK4,Q96J92,WNK4,
YES,P07947,YES1,
YSK1,O00506,YSK1,
ZAK,Q9NYL2,ZAK,
ZAP70,P43403,ZAP70,
