,0
0,1433B_HUMAN
1,1433E_HUMAN
2,1433F_HUMAN
3,1433G_HUMAN
4,1433S_HUMAN
5,1433T_HUMAN
6,1433Z_HUMAN
7,1A25_HUMAN
8,1A26_HUMAN
9,1A33_HUMAN
10,1A34_HUMAN
11,1A66_HUMAN
12,1A68_HUMAN
13,1A69_HUMAN
14,1B07_HUMAN
15,1B08_HUMAN
16,1B13_HUMAN
17,1B14_HUMAN
18,1B15_HUMAN
19,1B18_HUMAN
20,1B27_HUMAN
21,1B35_HUMAN
22,1B37_HUMAN
23,1B38_HUMAN
24,1B39_HUMAN
25,1B40_HUMAN
26,1B41_HUMAN
27,1B42_HUMAN
28,1B44_HUMAN
29,1B45_HUMAN
30,1B46_HUMAN
31,1B47_HUMAN
32,1B48_HUMAN
33,1B49_HUMAN
34,1B50_HUMAN
35,1B51_HUMAN
36,1B52_HUMAN
37,1B53_HUMAN
38,1B55_HUMAN
39,1B56_HUMAN
40,1B59_HUMAN
41,1B67_HUMAN
42,1B73_HUMAN
43,1B78_HUMAN
44,1B81_HUMAN
45,1B82_HUMAN
46,2ABA_HUMAN
47,2ABB_HUMAN
48,2ABD_HUMAN
49,41_HUMAN
50,6PGD_HUMAN
51,AAPK1_HUMAN
52,AAPK2_HUMAN
53,AATM_HUMAN
54,ABCE1_HUMAN
55,ABCF1_HUMAN
56,ABL1_HUMAN
57,ABL2_HUMAN
58,ACADM_HUMAN
59,ACBP_HUMAN
60,ACINU_HUMAN
61,ACLY_HUMAN
62,ACON_HUMAN
63,ACPH_HUMAN
64,ACSL1_HUMAN
65,ACSL3_HUMAN
66,ACSL4_HUMAN
67,ACTA_HUMAN
68,ACTBL_HUMAN
69,ACTBM_HUMAN
70,ACTB_HUMAN
71,ACTC_HUMAN
72,ACTG_HUMAN
73,ACTH_HUMAN
74,ACTN1_HUMAN
75,ACTN2_HUMAN
76,ACTN3_HUMAN
77,ACTN4_HUMAN
78,ACTS_HUMAN
79,ACTY_HUMAN
80,ACTZ_HUMAN
81,ADAS_HUMAN
82,AHSA1_HUMAN
83,AIMP2_HUMAN
84,AIP_HUMAN
85,AKAP8_HUMAN
86,AKAP9_HUMAN
87,AL7A1_HUMAN
88,ALDOA_HUMAN
89,ALDOC_HUMAN
90,ALDR_HUMAN
91,AMPM2_HUMAN
92,ANM1_HUMAN
93,ANX11_HUMAN
94,ANXA2_HUMAN
95,ANXA5_HUMAN
96,AP1B1_HUMAN
97,AP1M1_HUMAN
98,AP2B1_HUMAN
99,APEX1_HUMAN
100,API5_HUMAN
101,ARAF_HUMAN
102,ARFG1_HUMAN
103,ARHGA_HUMAN
104,ARHGG_HUMAN
105,ARNT_HUMAN
106,ARP3_HUMAN
107,ASSY_HUMAN
108,ATG2B_HUMAN
109,ATG3_HUMAN
110,ATN1_HUMAN
111,ATPB_HUMAN
112,ATPG_HUMAN
113,ATX2L_HUMAN
114,ATX2_HUMAN
115,AXA2L_HUMAN
116,BA2L2_HUMAN
117,BACH_HUMAN
118,BAG3_HUMAN
119,BAIP2_HUMAN
120,BAT2_HUMAN
121,BL1S3_HUMAN
122,BLVRB_HUMAN
123,BMS1_HUMAN
124,BOD1L_HUMAN
125,BOD1_HUMAN
126,BRD7_HUMAN
127,BZW1L_HUMAN
128,BZW1_HUMAN
129,CA123_HUMAN
130,CALM_HUMAN
131,CALR_HUMAN
132,CALU_HUMAN
133,CALX_HUMAN
134,CAN1_HUMAN
135,CAPZB_HUMAN
136,CATB_HUMAN
137,CATC_HUMAN
138,CATL1_HUMAN
139,CATZ_HUMAN
140,CAZA1_HUMAN
141,CCD58_HUMAN
142,CCNB1_HUMAN
143,CD59_HUMAN
144,CD97_HUMAN
145,CDK1_HUMAN
146,CDK2_HUMAN
147,CDK3_HUMAN
148,CDK6_HUMAN
149,CDV3_HUMAN
150,CE170_HUMAN
151,CEBPB_HUMAN
152,CF125_HUMAN
153,CGL_HUMAN
154,CH10_HUMAN
155,CH60_HUMAN
156,CHERP_HUMAN
157,CI078_HUMAN
158,CIP4_HUMAN
159,CISY_HUMAN
160,CK059_HUMAN
161,CKS1_HUMAN
162,CL029_HUMAN
163,CLH1_HUMAN
164,CLH2_HUMAN
165,CLIC1_HUMAN
166,CLIC4_HUMAN
167,CLIP1_HUMAN
168,CLPP_HUMAN
169,CNBP_HUMAN
170,CND3_HUMAN
171,CNN3_HUMAN
172,CNOT1_HUMAN
173,CNPY2_HUMAN
174,COF1_HUMAN
175,COF2_HUMAN
176,COPA_HUMAN
177,COPE_HUMAN
178,COX41_HUMAN
179,CP080_HUMAN
180,CP51A_HUMAN
181,CPSF3_HUMAN
182,CPSF6_HUMAN
183,CPSF7_HUMAN
184,CPSM_HUMAN
185,CRKL_HUMAN
186,CRK_HUMAN
187,CSDE1_HUMAN
188,CSK21_HUMAN
189,CSN1_HUMAN
190,CSN5_HUMAN
191,CSTF1_HUMAN
192,CSTF3_HUMAN
193,CTGE2_HUMAN
194,CTGE5_HUMAN
195,CTNA1_HUMAN
196,CTND1_HUMAN
197,CTR9_HUMAN
198,CUL4A_HUMAN
199,CV028_HUMAN
200,CX026_HUMAN
201,CYTB_HUMAN
202,DAB2_HUMAN
203,DBNL_HUMAN
204,DBPA_HUMAN
205,DCTN2_HUMAN
206,DDX17_HUMAN
207,DDX42_HUMAN
208,DDX5_HUMAN
209,DDX6_HUMAN
210,DESP_HUMAN
211,DHB12_HUMAN
212,DHSA_HUMAN
213,DHX9_HUMAN
214,DJC21_HUMAN
215,DLG3_HUMAN
216,DNJA1_HUMAN
217,DNJA2_HUMAN
218,DNJB1_HUMAN
219,DNJB4_HUMAN
220,DNJC2_HUMAN
221,DNJC7_HUMAN
222,DNM1L_HUMAN
223,DNMT1_HUMAN
224,DPYL1_HUMAN
225,DSG2_HUMAN
226,DUS3_HUMAN
227,DUT_HUMAN
228,DYHC1_HUMAN
229,EBP2_HUMAN
230,ECHB_HUMAN
231,EF1A1_HUMAN
232,EF1A2_HUMAN
233,EF1A3_HUMAN
234,EF1B_HUMAN
235,EF1D_HUMAN
236,EF2_HUMAN
237,EFGM_HUMAN
238,EFTU_HUMAN
239,EH1L1_HUMAN
240,EHBP1_HUMAN
241,EHD1_HUMAN
242,EIF1B_HUMAN
243,EIF1_HUMAN
244,EIF3B_HUMAN
245,EIF3C_HUMAN
246,EIF3D_HUMAN
247,EIF3E_HUMAN
248,EIF3K_HUMAN
249,EIF3L_HUMAN
250,ELOA1_HUMAN
251,ELOC_HUMAN
252,EMAL4_HUMAN
253,ENAH_HUMAN
254,ENOA_HUMAN
255,ENOB_HUMAN
256,ENOG_HUMAN
257,ENPLL_HUMAN
258,ENPL_HUMAN
259,EPN1_HUMAN
260,ERP44_HUMAN
261,ESYT1_HUMAN
262,EXOS4_HUMAN
263,EXOS7_HUMAN
264,EZRI_HUMAN
265,F10A1_HUMAN
266,F10A4_HUMAN
267,F10A5_HUMAN
268,F195B_HUMAN
269,FA49B_HUMAN
270,FA96A_HUMAN
271,FADS1_HUMAN
272,FAK1_HUMAN
273,FAS_HUMAN
274,FBLN3_HUMAN
275,FERM2_HUMAN
276,FGL1_HUMAN
277,FHL1_HUMAN
278,FHL2_HUMAN
279,FIGL1_HUMAN
280,FIP1_HUMAN
281,FKB10_HUMAN
282,FKB1A_HUMAN
283,FKBP2_HUMAN
284,FKBP4_HUMAN
285,FKBP7_HUMAN
286,FLNA_HUMAN
287,FLNB_HUMAN
288,FOLR1_HUMAN
289,FPPS_HUMAN
290,FUBP1_HUMAN
291,FXR2_HUMAN
292,FYCO1_HUMAN
293,G3BP1_HUMAN
294,G3P_HUMAN
295,G6PD_HUMAN
296,GANAB_HUMAN
297,GAR1_HUMAN
298,GBB2_HUMAN
299,GBB4_HUMAN
300,GBF1_HUMAN
301,GBRL1_HUMAN
302,GCP60_HUMAN
303,GCSH_HUMAN
304,GDIB_HUMAN
305,GDIR1_HUMAN
306,GGCT_HUMAN
307,GILT_HUMAN
308,GLGB_HUMAN
309,GLRX5_HUMAN
310,GLU2B_HUMAN
311,GLYC_HUMAN
312,GLYR1_HUMAN
313,GNL1_HUMAN
314,GOGA4_HUMAN
315,GRHPR_HUMAN
316,GRP75_HUMAN
317,GRP78_HUMAN
318,GSHB_HUMAN
319,GSHR_HUMAN
320,GSTP1_HUMAN
321,GUAD_HUMAN
322,H11_HUMAN
323,H12_HUMAN
324,H13_HUMAN
325,H14_HUMAN
326,H1T_HUMAN
327,H1X_HUMAN
328,H2B1B_HUMAN
329,H2B1C_HUMAN
330,H2B1D_HUMAN
331,H2B1H_HUMAN
332,H2B1J_HUMAN
333,H2B1K_HUMAN
334,H2B1L_HUMAN
335,H2B1M_HUMAN
336,H2B1N_HUMAN
337,H2B1O_HUMAN
338,H2B2C_HUMAN
339,H2B2D_HUMAN
340,H2B2E_HUMAN
341,H2B2F_HUMAN
342,H2B3B_HUMAN
343,H2BFS_HUMAN
344,H90B2_HUMAN
345,H90B3_HUMAN
346,H90B4_HUMAN
347,HAP28_HUMAN
348,HAT1_HUMAN
349,HDAC1_HUMAN
350,HDAC2_HUMAN
351,HDGF_HUMAN
352,HECD1_HUMAN
353,HEXB_HUMAN
354,HGS_HUMAN
355,HINT3_HUMAN
356,HMCS1_HUMAN
357,HNRDL_HUMAN
358,HNRH1_HUMAN
359,HNRH2_HUMAN
360,HNRL1_HUMAN
361,HNRPG_HUMAN
362,HNRPK_HUMAN
363,HNRPL_HUMAN
364,HNRPM_HUMAN
365,HNRPQ_HUMAN
366,HNRPR_HUMAN
367,HNRPU_HUMAN
368,HS105_HUMAN
369,HS71L_HUMAN
370,HS74L_HUMAN
371,HS902_HUMAN
372,HS905_HUMAN
373,HS90A_HUMAN
374,HS90B_HUMAN
375,HSF1_HUMAN
376,HSP71_HUMAN
377,HSP72_HUMAN
378,HSP74_HUMAN
379,HSP76_HUMAN
380,HSP77_HUMAN
381,HSP7C_HUMAN
382,HSPB1_HUMAN
383,HTAI2_HUMAN
384,HXK2_HUMAN
385,IDHC_HUMAN
386,IF1AX_HUMAN
387,IF1AY_HUMAN
388,IF2A_HUMAN
389,IF2BL_HUMAN
390,IF2B_HUMAN
391,IF2G_HUMAN
392,IF4A1_HUMAN
393,IF4A2_HUMAN
394,IF4A3_HUMAN
395,IF4B_HUMAN
396,IF4E_HUMAN
397,IF4H_HUMAN
398,IF5_HUMAN
399,IGBP1_HUMAN
400,ILEU_HUMAN
401,IMB1_HUMAN
402,IMDH2_HUMAN
403,IPO5_HUMAN
404,IPO9_HUMAN
405,IPP2M_HUMAN
406,IPP2_HUMAN
407,IPYR_HUMAN
408,IQGA1_HUMAN
409,K0664_HUMAN
410,K1967_HUMAN
411,K2C8_HUMAN
412,K6PP_HUMAN
413,KAD1_HUMAN
414,KCRB_HUMAN
415,KCY_HUMAN
416,KHDR1_HUMAN
417,KINH_HUMAN
418,KLC1_HUMAN
419,KLC2_HUMAN
420,KPYM_HUMAN
421,KRI1_HUMAN
422,KRR1_HUMAN
423,KS6A3_HUMAN
424,KYNU_HUMAN
425,L1CAM_HUMAN
426,LAMA5_HUMAN
427,LAMC1_HUMAN
428,LAP2A_HUMAN
429,LAP2B_HUMAN
430,LARP1_HUMAN
431,LARP4_HUMAN
432,LA_HUMAN
433,LCAP_HUMAN
434,LDHA_HUMAN
435,LDHB_HUMAN
436,LIN7A_HUMAN
437,LIN7B_HUMAN
438,LIN7C_HUMAN
439,LIS1_HUMAN
440,LPP_HUMAN
441,LRC47_HUMAN
442,LRRF1_HUMAN
443,LSM6_HUMAN
444,LYSM2_HUMAN
445,MAOX_HUMAN
446,MAP4_HUMAN
447,MATR3_HUMAN
448,MAZ_HUMAN
449,MBNL1_HUMAN
450,MBNL3_HUMAN
451,MCCB_HUMAN
452,MCFD2_HUMAN
453,MCM2_HUMAN
454,MCM3_HUMAN
455,MCM4_HUMAN
456,MCM6_HUMAN
457,MCM7_HUMAN
458,MDHC_HUMAN
459,MDHM_HUMAN
460,METK2_HUMAN
461,MIER1_HUMAN
462,MIMIT_HUMAN
463,ML12A_HUMAN
464,ML12B_HUMAN
465,MOSC1_HUMAN
466,MPZL1_HUMAN
467,MSS4_HUMAN
468,MTA2_HUMAN
469,MTA70_HUMAN
470,MTNB_HUMAN
471,MVP_HUMAN
472,MYG1_HUMAN
473,MYH9_HUMAN
474,MYL6B_HUMAN
475,MYL6_HUMAN
476,MYO1E_HUMAN
477,NAA10_HUMAN
478,NAA11_HUMAN
479,NAA15_HUMAN
480,NAA25_HUMAN
481,NACA_HUMAN
482,NAMPT_HUMAN
483,NASP_HUMAN
484,NAT6_HUMAN
485,NCBP2_HUMAN
486,NDK8_HUMAN
487,NDKB_HUMAN
488,NEK9_HUMAN
489,NELFE_HUMAN
490,NENF_HUMAN
491,NFKB2_HUMAN
492,NFU1_HUMAN
493,NHLC2_HUMAN
494,NIPS1_HUMAN
495,NJMU_HUMAN
496,NKRF_HUMAN
497,NMD3_HUMAN
498,NNMT_HUMAN
499,NOP2_HUMAN
500,NP1L1_HUMAN
501,NP1L4_HUMAN
502,NPM_HUMAN
503,NPTN_HUMAN
504,NRDC_HUMAN
505,NRP1_HUMAN
506,NSF1C_HUMAN
507,NSUN2_HUMAN
508,NTM1A_HUMAN
509,NUCB2_HUMAN
510,NUCKS_HUMAN
511,NUCL_HUMAN
512,NUDC2_HUMAN
513,NUDT5_HUMAN
514,NUP62_HUMAN
515,NUP98_HUMAN
516,OAT_HUMAN
517,ODPAT_HUMAN
518,ODPA_HUMAN
519,ODPB_HUMAN
520,OPA1_HUMAN
521,OTUB1_HUMAN
522,P4HA1_HUMAN
523,P5CR1_HUMAN
524,PABP1_HUMAN
525,PABP4_HUMAN
526,PACN2_HUMAN
527,PACN3_HUMAN
528,PAF1_HUMAN
529,PAIRB_HUMAN
530,PAP1L_HUMAN
531,PAPS2_HUMAN
532,PARK7_HUMAN
533,PARP1_HUMAN
534,PAXI_HUMAN
535,PCNA_HUMAN
536,PCSK9_HUMAN
537,PCTL_HUMAN
538,PCY1A_HUMAN
539,PCY1B_HUMAN
540,PDC6I_HUMAN
541,PDE12_HUMAN
542,PDIA1_HUMAN
543,PDIA3_HUMAN
544,PDIA4_HUMAN
545,PDIA5_HUMAN
546,PDLI1_HUMAN
547,PEBP1_HUMAN
548,PGAM1_HUMAN
549,PGAM2_HUMAN
550,PGAM4_HUMAN
551,PGES2_HUMAN
552,PGK1_HUMAN
553,PGK2_HUMAN
554,PGM1_HUMAN
555,PGRC1_HUMAN
556,PGTB2_HUMAN
557,PHAX_HUMAN
558,PHF5A_HUMAN
559,PHP14_HUMAN
560,PIHD1_HUMAN
561,PINX1_HUMAN
562,PIPNA_HUMAN
563,PIPNB_HUMAN
564,PIR_HUMAN
565,PJA2_HUMAN
566,PLEC_HUMAN
567,PLIN3_HUMAN
568,PLOD2_HUMAN
569,PLSI_HUMAN
570,PMM2_HUMAN
571,PMS1_HUMAN
572,PNPH_HUMAN
573,PNPO_HUMAN
574,POTEE_HUMAN
575,POTEF_HUMAN
576,POTEI_HUMAN
577,POTEJ_HUMAN
578,PP14B_HUMAN
579,PP1B_HUMAN
580,PP2AA_HUMAN
581,PP2AB_HUMAN
582,PP4C_HUMAN
583,PP4R1_HUMAN
584,PPAC_HUMAN
585,PPB1_HUMAN
586,PPBI_HUMAN
587,PPIA_HUMAN
588,PPIB_HUMAN
589,PPID_HUMAN
590,PPIL3_HUMAN
591,PPIL4_HUMAN
592,PPM1B_HUMAN
593,PPP5_HUMAN
594,PPT1_HUMAN
595,PRDX1_HUMAN
596,PRDX2_HUMAN
597,PRDX4_HUMAN
598,PRDX6_HUMAN
599,PROF1_HUMAN
600,PROF2_HUMAN
601,PRP16_HUMAN
602,PRP4B_HUMAN
603,PRP4_HUMAN
604,PRP6_HUMAN
605,PRP8_HUMAN
606,PRPK_HUMAN
607,PRS4_HUMAN
608,PRS6A_HUMAN
609,PSA1_HUMAN
610,PSA5_HUMAN
611,PSA6_HUMAN
612,PSA7L_HUMAN
613,PSA7_HUMAN
614,PSAL_HUMAN
615,PSA_HUMAN
616,PSB1_HUMAN
617,PSB5_HUMAN
618,PSB8_HUMAN
619,PSD12_HUMAN
620,PSMD1_HUMAN
621,PSMD2_HUMAN
622,PTBP1_HUMAN
623,PTN11_HUMAN
624,PTN23_HUMAN
625,PUF60_HUMAN
626,PUM1_HUMAN
627,PUR4_HUMAN
628,PUR6_HUMAN
629,PUR8_HUMAN
630,PUR9_HUMAN
631,PYC_HUMAN
632,PYGL_HUMAN
633,PYRG1_HUMAN
634,QCR7_HUMAN
635,R13AX_HUMAN
636,RAB21_HUMAN
637,RAC1_HUMAN
638,RAC2_HUMAN
639,RAC3_HUMAN
640,RADI_HUMAN
641,RAI1_HUMAN
642,RALA_HUMAN
643,RANG_HUMAN
644,RAN_HUMAN
645,RASK_HUMAN
646,RASN_HUMAN
647,RBBP4_HUMAN
648,RBBP7_HUMAN
649,RBM10_HUMAN
650,RBM15_HUMAN
651,RBM28_HUMAN
652,RBM3_HUMAN
653,RBM4_HUMAN
654,RBM8A_HUMAN
655,RBP2_HUMAN
656,RCC1_HUMAN
657,RCN1_HUMAN
658,RCN2_HUMAN
659,RECQ1_HUMAN
660,REEP4_HUMAN
661,REN3B_HUMAN
662,RENT1_HUMAN
663,RFC2_HUMAN
664,RHG01_HUMAN
665,RIPK1_HUMAN
666,RIR1_HUMAN
667,RL10A_HUMAN
668,RL10_HUMAN
669,RL11_HUMAN
670,RL13A_HUMAN
671,RL13_HUMAN
672,RL15_HUMAN
673,RL17_HUMAN
674,RL18A_HUMAN
675,RL21_HUMAN
676,RL23A_HUMAN
677,RL24_HUMAN
678,RL26L_HUMAN
679,RL26_HUMAN
680,RL27A_HUMAN
681,RL27_HUMAN
682,RL29_HUMAN
683,RL30_HUMAN
684,RL31_HUMAN
685,RL35A_HUMAN
686,RL36_HUMAN
687,RL3_HUMAN
688,RL4_HUMAN
689,RL5_HUMAN
690,RL6_HUMAN
691,RL7_HUMAN
692,RL8_HUMAN
693,RL9_HUMAN
694,RM14_HUMAN
695,ROA1_HUMAN
696,ROA2_HUMAN
697,ROBO1_HUMAN
698,ROCK2_HUMAN
699,RPAP3_HUMAN
700,RPB2_HUMAN
701,RPC6_HUMAN
702,RRMJ1_HUMAN
703,RRP12_HUMAN
704,RRP8_HUMAN
705,RS11_HUMAN
706,RS12_HUMAN
707,RS13_HUMAN
708,RS14_HUMAN
709,RS16_HUMAN
710,RS17_HUMAN
711,RS18_HUMAN
712,RS19_HUMAN
713,RS21_HUMAN
714,RS24_HUMAN
715,RS27A_HUMAN
716,RS29_HUMAN
717,RS2_HUMAN
718,RS3A_HUMAN
719,RS3_HUMAN
720,RS6_HUMAN
721,RS7_HUMAN
722,RS8_HUMAN
723,RU1C_HUMAN
724,RUVB1_HUMAN
725,RUVB2_HUMAN
726,S30BP_HUMAN
727,S7A6O_HUMAN
728,SAE2_HUMAN
729,SAHH2_HUMAN
730,SAHH3_HUMAN
731,SAHH_HUMAN
732,SAS10_HUMAN
733,SBP1_HUMAN
734,SC23A_HUMAN
735,SCAM3_HUMAN
736,SCOT1_HUMAN
737,SDHF2_HUMAN
738,SEPT2_HUMAN
739,SEPT7_HUMAN
740,SERC_HUMAN
741,SERPH_HUMAN
742,SETD3_HUMAN
743,SET_HUMAN
744,SF01_HUMAN
745,SF3A1_HUMAN
746,SF3B1_HUMAN
747,SF3B2_HUMAN
748,SF3B4_HUMAN
749,SFPQ_HUMAN
750,SGTA_HUMAN
751,SH24A_HUMAN
752,SH3G1_HUMAN
753,SH3G2_HUMAN
754,SHC1_HUMAN
755,SHIP2_HUMAN
756,SHOT1_HUMAN
757,SIN3A_HUMAN
758,SLAI2_HUMAN
759,SMAD2_HUMAN
760,SMAP_HUMAN
761,SMC2_HUMAN
762,SMCA2_HUMAN
763,SMCA4_HUMAN
764,SMG9_HUMAN
765,SNAG_HUMAN
766,SND1_HUMAN
767,SNW1_HUMAN
768,SPT6H_HUMAN
769,SPTA2_HUMAN
770,SPTB2_HUMAN
771,SR140_HUMAN
772,SRC8_HUMAN
773,SRP09_HUMAN
774,SRP72_HUMAN
775,SRRM2_HUMAN
776,SRSF2_HUMAN
777,SRSF3_HUMAN
778,SRSF9_HUMAN
779,SSBP_HUMAN
780,SSRP1_HUMAN
781,STAM2_HUMAN
782,STAT1_HUMAN
783,STAT3_HUMAN
784,STIP1_HUMAN
785,STRAP_HUMAN
786,STX16_HUMAN
787,SUCA_HUMAN
788,SUCB2_HUMAN
789,SUGT1_HUMAN
790,SURF2_HUMAN
791,SYAC_HUMAN
792,SYCC_HUMAN
793,SYDC_HUMAN
794,SYEP_HUMAN
795,SYIC_HUMAN
796,SYIM_HUMAN
797,SYLC_HUMAN
798,SYMC_HUMAN
799,SYNC_HUMAN
800,SYRC_HUMAN
801,SYSC_HUMAN
802,SYTC_HUMAN
803,SYVC_HUMAN
804,SYYC_HUMAN
805,T2FB_HUMAN
806,TAGL2_HUMAN
807,TAGL3_HUMAN
808,TB182_HUMAN
809,TBA1A_HUMAN
810,TBA1B_HUMAN
811,TBA1C_HUMAN
812,TBA3C_HUMAN
813,TBA3E_HUMAN
814,TBA4A_HUMAN
815,TBA8_HUMAN
816,TBAL3_HUMAN
817,TBB2A_HUMAN
818,TBB2B_HUMAN
819,TBB2C_HUMAN
820,TBB3_HUMAN
821,TBB5_HUMAN
822,TBCA_HUMAN
823,TBCB_HUMAN
824,TBL1R_HUMAN
825,TCEA1_HUMAN
826,TCPA_HUMAN
827,TCPD_HUMAN
828,TCPE_HUMAN
829,TCPQ_HUMAN
830,TCPW_HUMAN
831,TCPZ_HUMAN
832,TCTP_HUMAN
833,TERA_HUMAN
834,TES_HUMAN
835,TFR1_HUMAN
836,TGM2_HUMAN
837,THIL_HUMAN
838,THIM_HUMAN
839,THOC4_HUMAN
840,THOP1_HUMAN
841,TIF1B_HUMAN
842,TIM44_HUMAN
843,TKT_HUMAN
844,TLN1_HUMAN
845,TOM1_HUMAN
846,TOM34_HUMAN
847,TOM70_HUMAN
848,TOPK_HUMAN
849,TPD52_HUMAN
850,TPIS_HUMAN
851,TPP2_HUMAN
852,TR150_HUMAN
853,TRAD1_HUMAN
854,TRAP1_HUMAN
855,TRFL_HUMAN
856,TRIP6_HUMAN
857,TRXR1_HUMAN
858,TRXR2_HUMAN
859,TSC1_HUMAN
860,TSN_HUMAN
861,TTC9C_HUMAN
862,TWF1_HUMAN
863,TXND5_HUMAN
864,TYSY_HUMAN
865,U520_HUMAN
866,UB2E1_HUMAN
867,UB2E2_HUMAN
868,UB2E3_HUMAN
869,UB2R2_HUMAN
870,UB2V1_HUMAN
871,UBA1_HUMAN
872,UBC12_HUMAN
873,UBP2L_HUMAN
874,UBP5_HUMAN
875,UBP8_HUMAN
876,UGGG1_HUMAN
877,UGPA_HUMAN
878,UPP1_HUMAN
879,USO1_HUMAN
880,VASP_HUMAN
881,VAT1_HUMAN
882,VATG1_HUMAN
883,VIGLN_HUMAN
884,VINC_HUMAN
885,VP13C_HUMAN
886,VP26A_HUMAN
887,VPS35_HUMAN
888,WASH1_HUMAN
889,WASH2_HUMAN
890,WASH3_HUMAN
891,WASH6_HUMAN
892,WASL_HUMAN
893,WDR61_HUMAN
894,WIBG_HUMAN
895,XPO1_HUMAN
896,XPO2_HUMAN
897,XPP1_HUMAN
898,XRCC5_HUMAN
899,YAP1_HUMAN
900,YBOX1_HUMAN
901,YBOX2_HUMAN
902,ZO1_HUMAN
903,AATC_HUMAN
904,ACL6A_HUMAN
905,ADA_HUMAN
906,AKT1_HUMAN
907,AKT2_HUMAN
908,AKT3_HUMAN
909,AP1AR_HUMAN
910,BCAR1_HUMAN
911,CAB45_HUMAN
912,CBR1_HUMAN
913,CPNS1_HUMAN
914,DDR2_HUMAN
915,DJB11_HUMAN
916,EFHD2_HUMAN
917,EIF3A_HUMAN
918,ELYS_HUMAN
919,ERF1_HUMAN
920,ERO1A_HUMAN
921,FKBP5_HUMAN
922,FSCN1_HUMAN
923,GAGE3_HUMAN
924,GAGE4_HUMAN
925,GAGE5_HUMAN
926,GAGE6_HUMAN
927,GAGE7_HUMAN
928,GG12C_HUMAN
929,GG12F_HUMAN
930,GG12H_HUMAN
931,GG12J_HUMAN
932,GOGA3_HUMAN
933,H4_HUMAN
934,HTRA2_HUMAN
935,ICAM1_HUMAN
936,KAD6_HUMAN
937,LXN_HUMAN
938,MYH10_HUMAN
939,NCF4_HUMAN
940,NFYB_HUMAN
941,P4HA2_HUMAN
942,PAPS1_HUMAN
943,PARD3_HUMAN
944,PDLI5_HUMAN
945,PGM2L_HUMAN
946,PP1A_HUMAN
947,PP1G_HUMAN
948,PRS10_HUMAN
949,PSA3_HUMAN
950,PSMG1_HUMAN
951,RHG05_HUMAN
952,RHG12_HUMAN
953,RM49_HUMAN
954,RRP36_HUMAN
955,SC31A_HUMAN
956,SPSY_HUMAN
957,UBE2S_HUMAN
958,UCRIL_HUMAN
959,UCRI_HUMAN
960,VIME_HUMAN
961,ACK1_HUMAN
962,AFAD_HUMAN
963,ARFG3_HUMAN
964,CAPR1_HUMAN
965,CASC3_HUMAN
966,CD44_HUMAN
967,CDC5L_HUMAN
968,CJ119_HUMAN
969,CND1_HUMAN
970,COX5A_HUMAN
971,CX6B1_HUMAN
972,DBR1_HUMAN
973,DHX15_HUMAN
974,DNS2A_HUMAN
975,DOHH_HUMAN
976,EMD_HUMAN
977,EPN4_HUMAN
978,ETFB_HUMAN
979,FA50A_HUMAN
980,G3BP2_HUMAN
981,GMDS_HUMAN
982,GMPPB_HUMAN
983,HERC2_HUMAN
984,HNRPF_HUMAN
985,HSDL1_HUMAN
986,HYOU1_HUMAN
987,ICLN_HUMAN
988,ILF3_HUMAN
989,IRS2_HUMAN
990,LAR4B_HUMAN
991,LGUL_HUMAN
992,MINT_HUMAN
993,MYPT1_HUMAN
994,NELFB_HUMAN
995,NOTC2_HUMAN
996,NT2NL_HUMAN
997,PAK2_HUMAN
998,PALLD_HUMAN
999,PCDH7_HUMAN
1000,PLSL_HUMAN
1001,PLST_HUMAN
1002,PSMD9_HUMAN
1003,PTPRG_HUMAN
1004,RBGP1_HUMAN
1005,RL38_HUMAN
1006,RLA2_HUMAN
1007,RN181_HUMAN
1008,RSSA_HUMAN
1009,SAGE1_HUMAN
1010,SC16A_HUMAN
1011,SF3A3_HUMAN
1012,SNX12_HUMAN
1013,SNX3_HUMAN
1014,SRSIP_HUMAN
1015,STA5B_HUMAN
1016,SVIL_HUMAN
1017,TALDO_HUMAN
1018,TXD12_HUMAN
1019,ZN638_HUMAN
1020,GSK3A_HUMAN
1021,GSK3B_HUMAN
1022,PDIA6_HUMAN
1023,RLA1_HUMAN
1024,TR112_HUMAN
1025,AGM1_HUMAN
1026,AN32B_HUMAN
1027,ANXA1_HUMAN
1028,ARHG6_HUMAN
1029,ARHG7_HUMAN
1030,CDK7_HUMAN
1031,CREL2_HUMAN
1032,DDX31_HUMAN
1033,DNLI1_HUMAN
1034,DUS3L_HUMAN
1035,DYL1_HUMAN
1036,ERMIN_HUMAN
1037,IF2P_HUMAN
1038,KAP2_HUMAN
1039,LIMC1_HUMAN
1040,MACF1_HUMAN
1041,MACF4_HUMAN
1042,MFAP1_HUMAN
1043,MOES_HUMAN
1044,MUC18_HUMAN
1045,NUDC_HUMAN
1046,NUFP2_HUMAN
1047,OSBP1_HUMAN
1048,PARG_HUMAN
1049,PKN2_HUMAN
1050,PODXL_HUMAN
1051,PPBN_HUMAN
1052,QRIC2_HUMAN
1053,RANB3_HUMAN
1054,RIC8A_HUMAN
1055,RINI_HUMAN
1056,SGPP1_HUMAN
1057,T2FA_HUMAN
1058,THOC5_HUMAN
1059,UBP14_HUMAN
1060,WDR26_HUMAN
1061,XRCC1_HUMAN
1062,ABLM1_HUMAN
1063,ACOT1_HUMAN
1064,ACOT2_HUMAN
1065,AEBP2_HUMAN
1066,AP3D1_HUMAN
1067,APC_HUMAN
1068,ARC1B_HUMAN
1069,ARFP2_HUMAN
1070,ARHGC_HUMAN
1071,ATPA_HUMAN
1072,BIG2_HUMAN
1073,BNIP2_HUMAN
1074,C1TC_HUMAN
1075,CAN2_HUMAN
1076,CATD_HUMAN
1077,CCNH_HUMAN
1078,CR025_HUMAN
1079,DAF_HUMAN
1080,DD19A_HUMAN
1081,DD19B_HUMAN
1082,DIDO1_HUMAN
1083,DNJC8_HUMAN
1084,EIF2A_HUMAN
1085,FBRL_HUMAN
1086,FUBP2_HUMAN
1087,GLCI1_HUMAN
1088,GLNA_HUMAN
1089,GMFB_HUMAN
1090,GPTC8_HUMAN
1091,I2BP2_HUMAN
1092,ITSN1_HUMAN
1093,JIP4_HUMAN
1094,K1468_HUMAN
1095,K22E_HUMAN
1096,K22O_HUMAN
1097,K2C1B_HUMAN
1098,K2C3_HUMAN
1099,K2C4_HUMAN
1100,K2C5_HUMAN
1101,K2C6A_HUMAN
1102,K2C6B_HUMAN
1103,K2C6C_HUMAN
1104,K2C71_HUMAN
1105,K2C72_HUMAN
1106,K2C73_HUMAN
1107,K2C74_HUMAN
1108,K2C75_HUMAN
1109,K2C79_HUMAN
1110,K2C7_HUMAN
1111,KIFC1_HUMAN
1112,KRT84_HUMAN
1113,LAMP2_HUMAN
1114,LAP2_HUMAN
1115,LATS1_HUMAN
1116,LDH6A_HUMAN
1117,LDHC_HUMAN
1118,LEG1_HUMAN
1119,LMNA_HUMAN
1120,MA7D1_HUMAN
1121,MDC1_HUMAN
1122,MEPCE_HUMAN
1123,MOD5_HUMAN
1124,NCRP1_HUMAN
1125,NDRG1_HUMAN
1126,NDRG2_HUMAN
1127,NDRG3_HUMAN
1128,NT5C_HUMAN
1129,NU153_HUMAN
1130,OFD1_HUMAN
1131,PA24A_HUMAN
1132,PANK2_HUMAN
1133,PARN_HUMAN
1134,PDCD4_HUMAN
1135,PKHA5_HUMAN
1136,PKHG1_HUMAN
1137,RBM14_HUMAN
1138,RBM7_HUMAN
1139,RGPA1_HUMAN
1140,RN220_HUMAN
1141,ROCK1_HUMAN
1142,RREB1_HUMAN
1143,RS27L_HUMAN
1144,RS27_HUMAN
1145,SERA_HUMAN
1146,SMN_HUMAN
1147,SNX6_HUMAN
1148,SON_HUMAN
1149,SPIR2_HUMAN
1150,SPN90_HUMAN
1151,SRSF6_HUMAN
1152,SUMF2_HUMAN
1153,TBCD4_HUMAN
1154,TEBP_HUMAN
1155,TENS1_HUMAN
1156,TRMB_HUMAN
1157,UBE4B_HUMAN
1158,VATA_HUMAN
1159,ZC3H1_HUMAN
1160,AGO2_HUMAN
1161,ALKB5_HUMAN
1162,BORG4_HUMAN
1163,CATA_HUMAN
1164,CEP76_HUMAN
1165,CHSP1_HUMAN
1166,CJ047_HUMAN
1167,CO4A_HUMAN
1168,CO4B_HUMAN
1169,CS029_HUMAN
1170,EAP1_HUMAN
1171,EF1G_HUMAN
1172,ELL_HUMAN
1173,FA53B_HUMAN
1174,FAAA_HUMAN
1175,GAB1_HUMAN
1176,GNL3L_HUMAN
1177,HDGR2_HUMAN
1178,HEXI1_HUMAN
1179,HEXI2_HUMAN
1180,HP1B3_HUMAN
1181,K1C18_HUMAN
1182,KANK2_HUMAN
1183,KPBB_HUMAN
1184,KPCD2_HUMAN
1185,LASP1_HUMAN
1186,LMO7_HUMAN
1187,MTUS1_HUMAN
1188,MY18A_HUMAN
1189,NOLC1_HUMAN
1190,PHAR4_HUMAN
1191,PHLB2_HUMAN
1192,PWP1_HUMAN
1193,RL18_HUMAN
1194,RL19_HUMAN
1195,SETD2_HUMAN
1196,SIPA1_HUMAN
1197,SRPK2_HUMAN
1198,SSH3_HUMAN
1199,TA2R_HUMAN
1200,TCRG1_HUMAN
1201,TUT4_HUMAN
1202,VIR_HUMAN
1203,ZC3HE_HUMAN
1204,4ET_HUMAN
1205,AFF2_HUMAN
1206,ATF7_HUMAN
1207,BCL9L_HUMAN
1208,BCLF1_HUMAN
1209,CHMP7_HUMAN
1210,CIC_HUMAN
1211,CNOT2_HUMAN
1212,DNJC5_HUMAN
1213,FBP1L_HUMAN
1214,GMPR2_HUMAN
1215,HIRP3_HUMAN
1216,LRFN4_HUMAN
1217,LS14A_HUMAN
1218,MFAP4_HUMAN
1219,MLTK_HUMAN
1220,NHSL1_HUMAN
1221,NIPA_HUMAN
1222,NPTX1_HUMAN
1223,PSMD4_HUMAN
1224,PUM2_HUMAN
1225,PYR1_HUMAN
1226,RBNS5_HUMAN
1227,RL28_HUMAN
1228,SF3A2_HUMAN
1229,SMAG1_HUMAN
1230,SRS10_HUMAN
1231,SUMF1_HUMAN
1232,TSSC4_HUMAN
1233,YLPM1_HUMAN
1234,ZN135_HUMAN
1235,ACVL1_HUMAN
1236,NCBP1_HUMAN
1237,PDE3A_HUMAN
1238,4F2_HUMAN
1239,AIFM1_HUMAN
1240,BMP2_HUMAN
1241,BOP1_HUMAN
1242,C1QBP_HUMAN
1243,CA031_HUMAN
1244,CLCC1_HUMAN
1245,COPB_HUMAN
1246,CP061_HUMAN
1247,DCPS_HUMAN
1248,DDX20_HUMAN
1249,DDX21_HUMAN
1250,DDX54_HUMAN
1251,DEK_HUMAN
1252,DHSO_HUMAN
1253,DHX16_HUMAN
1254,ECH1_HUMAN
1255,EIF3J_HUMAN
1256,ESF1_HUMAN
1257,ETFA_HUMAN
1258,F134C_HUMAN
1259,FA21C_HUMAN
1260,FA21D_HUMAN
1261,FXR1_HUMAN
1262,HIBCH_HUMAN
1263,HSDL2_HUMAN
1264,HTSF1_HUMAN
1265,ICAL_HUMAN
1266,IF4G1_HUMAN
1267,IMA4_HUMAN
1268,ITB1_HUMAN
1269,MOT4_HUMAN
1270,MPRD_HUMAN
1271,NAV1_HUMAN
1272,NDKA_HUMAN
1273,PCBP1_HUMAN
1274,PCBP2_HUMAN
1275,PCBP3_HUMAN
1276,PGRC2_HUMAN
1277,PP6R3_HUMAN
1278,RA1L2_HUMAN
1279,RA1L3_HUMAN
1280,RHG18_HUMAN
1281,RLA0L_HUMAN
1282,RLA0_HUMAN
1283,SMG5_HUMAN
1284,STXB5_HUMAN
1285,TCOF_HUMAN
1286,THG1_HUMAN
1287,TIM8A_HUMAN
1288,TS101_HUMAN
1289,TYSD1_HUMAN
1290,UAP56_HUMAN
1291,UFD1_HUMAN
1292,XRCC6_HUMAN
1293,ZC3HF_HUMAN
1294,ZRAB2_HUMAN
1295,4EBP1_HUMAN
1296,ACV1B_HUMAN
1297,AT2B1_HUMAN
1298,BASI_HUMAN
1299,EIF3G_HUMAN
1300,FA21A_HUMAN
1301,FA21B_HUMAN
1302,FOXL1_HUMAN
1303,HMGA1_HUMAN
1304,HN1_HUMAN
1305,HPDL_HUMAN
1306,IF2GL_HUMAN
1307,NPC2_HUMAN
1308,ORN_HUMAN
1309,OSTF1_HUMAN
1310,PA2G4_HUMAN
1311,PDXL2_HUMAN
1312,PEG10_HUMAN
1313,PHLP_HUMAN
1314,POGZ_HUMAN
1315,PP1RB_HUMAN
1316,PR40A_HUMAN
1317,RAE1_HUMAN
1318,RL12_HUMAN
1319,SDF2L_HUMAN
1320,SHCBP_HUMAN
1321,SQSTM_HUMAN
1322,SYG_HUMAN
1323,TCP4_HUMAN
1324,TCPH_HUMAN
1325,THIO_HUMAN
1326,TXNL1_HUMAN
1327,UB2V2_HUMAN
1328,UBE2B_HUMAN
1329,6PGL_HUMAN
1330,ACOX1_HUMAN
1331,ADK_HUMAN
1332,AIMP1_HUMAN
1333,AL1L2_HUMAN
1334,ALK_HUMAN
1335,AMRP_HUMAN
1336,ANM5_HUMAN
1337,ANXA7_HUMAN
1338,AP2A1_HUMAN
1339,ARFG2_HUMAN
1340,ASAH1_HUMAN
1341,ASNS_HUMAN
1342,AT1B1_HUMAN
1343,ATIF1_HUMAN
1344,BAT3_HUMAN
1345,BP16L_HUMAN
1346,BRP16_HUMAN
1347,BUB3_HUMAN
1348,CAP1_HUMAN
1349,CC124_HUMAN
1350,CCD86_HUMAN
1351,CD123_HUMAN
1352,CDC37_HUMAN
1353,CDK13_HUMAN
1354,CI119_HUMAN
1355,CI129_HUMAN
1356,CNN2_HUMAN
1357,CNPY3_HUMAN
1358,CO5A2_HUMAN
1359,COPB2_HUMAN
1360,COQ9_HUMAN
1361,CP088_HUMAN
1362,CPIN1_HUMAN
1363,CPVL_HUMAN
1364,CRTAP_HUMAN
1365,CSRP1_HUMAN
1366,DCUP_HUMAN
1367,DDX1_HUMAN
1368,DDX39_HUMAN
1369,DDX3X_HUMAN
1370,DDX3Y_HUMAN
1371,DDX46_HUMAN
1372,DEF_HUMAN
1373,DEST_HUMAN
1374,DJB12_HUMAN
1375,DNJB6_HUMAN
1376,DNJC9_HUMAN
1377,DRG1_HUMAN
1378,ECHA_HUMAN
1379,EDC3_HUMAN
1380,EEA1_HUMAN
1381,EIF3H_HUMAN
1382,ERF3A_HUMAN
1383,ERP29_HUMAN
1384,ESYT2_HUMAN
1385,EXOS6_HUMAN
1386,F103A_HUMAN
1387,F111B_HUMAN
1388,F120A_HUMAN
1389,FABP5_HUMAN
1390,FKBP3_HUMAN
1391,FNTA_HUMAN
1392,FOP_HUMAN
1393,FUMH_HUMAN
1394,FUS_HUMAN
1395,G6PI_HUMAN
1396,GBLP_HUMAN
1397,GLSK_HUMAN
1398,GLYM_HUMAN
1399,GNS_HUMAN
1400,GRAP1_HUMAN
1401,GSE1_HUMAN
1402,HEBP1_HUMAN
1403,HGB1A_HUMAN
1404,HMGB1_HUMAN
1405,HMGB2_HUMAN
1406,IPO8_HUMAN
1407,ITB5_HUMAN
1408,JPH1_HUMAN
1409,KAD2_HUMAN
1410,KCAB2_HUMAN
1411,KCAB3_HUMAN
1412,KLC4_HUMAN
1413,LACB2_HUMAN
1414,LC7L2_HUMAN
1415,LPPRC_HUMAN
1416,LUZP1_HUMAN
1417,MANF_HUMAN
1418,MASTL_HUMAN
1419,MESD_HUMAN
1420,MPPB_HUMAN
1421,MTMR2_HUMAN
1422,NDUA4_HUMAN
1423,NIT2_HUMAN
1424,NOP16_HUMAN
1425,NUDT9_HUMAN
1426,OCAD1_HUMAN
1427,OSBP2_HUMAN
1428,OTUD4_HUMAN
1429,PALMD_HUMAN
1430,PDCD5_HUMAN
1431,PERQ2_HUMAN
1432,PFD3_HUMAN
1433,PFD6_HUMAN
1434,PKP3_HUMAN
1435,PLXB2_HUMAN
1436,PM14_HUMAN
1437,POP7_HUMAN
1438,PPCE_HUMAN
1439,PPDE2_HUMAN
1440,PPIE_HUMAN
1441,PRP19_HUMAN
1442,PRS8_HUMAN
1443,PSD13_HUMAN
1444,PSMD5_HUMAN
1445,PSME1_HUMAN
1446,PSME2_HUMAN
1447,PTPRD_HUMAN
1448,PTPRF_HUMAN
1449,PURA2_HUMAN
1450,PUS7_HUMAN
1451,RASEF_HUMAN
1452,RB11B_HUMAN
1453,RBM26_HUMAN
1454,RBM42_HUMAN
1455,RBM4B_HUMAN
1456,RBMS1_HUMAN
1457,RBMS3_HUMAN
1458,RCN3_HUMAN
1459,RFA3_HUMAN
1460,RHOA_HUMAN
1461,RHOB_HUMAN
1462,RHOG_HUMAN
1463,RL14_HUMAN
1464,RL23_HUMAN
1465,RL32_HUMAN
1466,RL34_HUMAN
1467,RL35_HUMAN
1468,RM40_HUMAN
1469,RNPS1_HUMAN
1470,ROA3_HUMAN
1471,RPB1_HUMAN
1472,RRBP1_HUMAN
1473,RRP44_HUMAN
1474,RS9_HUMAN
1475,RT34_HUMAN
1476,RU17_HUMAN
1477,SCNM1_HUMAN
1478,SCRB1_HUMAN
1479,SDF2_HUMAN
1480,SHLB2_HUMAN
1481,SMAD1_HUMAN
1482,SMAD3_HUMAN
1483,SMAD5_HUMAN
1484,SMAD9_HUMAN
1485,SMG8_HUMAN
1486,SNAPN_HUMAN
1487,SNUT1_HUMAN
1488,SODM_HUMAN
1489,SPD2B_HUMAN
1490,SPG20_HUMAN
1491,SRP14_HUMAN
1492,SRSF1_HUMAN
1493,STAM1_HUMAN
1494,STAU2_HUMAN
1495,SURF6_HUMAN
1496,SYAP1_HUMAN
1497,SYQ_HUMAN
1498,SYWC_HUMAN
1499,TAP26_HUMAN
1500,TBB4_HUMAN
1501,TBG1_HUMAN
1502,TBG2_HUMAN
1503,TCPG_HUMAN
1504,TFAM_HUMAN
1505,TFPI1_HUMAN
1506,THTR_HUMAN
1507,TOP1_HUMAN
1508,TPR_HUMAN
1509,TRNT1_HUMAN
1510,TTC1_HUMAN
1511,TTC4_HUMAN
1512,U5S1_HUMAN
1513,UBA5_HUMAN
1514,UBF1_HUMAN
1515,UCHL3_HUMAN
1516,UCK1_HUMAN
1517,UCK2_HUMAN
1518,WBP11_HUMAN
1519,WDR4_HUMAN
1520,WNK1_HUMAN
1521,ZN318_HUMAN
1522,2A5A_HUMAN
1523,ABI2_HUMAN
1524,AIDA_HUMAN
1525,AKA12_HUMAN
1526,AMPD2_HUMAN
1527,ANS1A_HUMAN
1528,ARI1_HUMAN
1529,ARK72_HUMAN
1530,ASPP2_HUMAN
1531,BORG5_HUMAN
1532,CAMP2_HUMAN
1533,CAMP3_HUMAN
1534,CBY1_HUMAN
1535,CHM1A_HUMAN
1536,CJ032_HUMAN
1537,CLAP1_HUMAN
1538,CSN4_HUMAN
1539,CTGE4_HUMAN
1540,CTGE6_HUMAN
1541,CTGE8_HUMAN
1542,CTGE9_HUMAN
1543,DAB2P_HUMAN
1544,DMD_HUMAN
1545,DOCK7_HUMAN
1546,GALT2_HUMAN
1547,GAPD1_HUMAN
1548,GFPT1_HUMAN
1549,GLRX3_HUMAN
1550,HDAC7_HUMAN
1551,HERC1_HUMAN
1552,IASPP_HUMAN
1553,KDM3B_HUMAN
1554,KDM5C_HUMAN
1555,KSR1_HUMAN
1556,M3K2_HUMAN
1557,MAST2_HUMAN
1558,MRP1_HUMAN
1559,MYOF_HUMAN
1560,NCOA2_HUMAN
1561,PDXD1_HUMAN
1562,RPC4_HUMAN
1563,SAP_HUMAN
1564,SH23A_HUMAN
1565,SKIV2_HUMAN
1566,SNX27_HUMAN
1567,SNX2_HUMAN
1568,STIM1_HUMAN
1569,STRBP_HUMAN
1570,TBC25_HUMAN
1571,TGBR3_HUMAN
1572,TRUB1_HUMAN
1573,UT14A_HUMAN
1574,WDR44_HUMAN
1575,WNK2_HUMAN
1576,AAKB1_HUMAN
1577,CAMP1_HUMAN
1578,CH033_HUMAN
1579,COBL_HUMAN
1580,CRIP2_HUMAN
1581,CS021_HUMAN
1582,DFFA_HUMAN
1583,KI67_HUMAN
1584,MAGD2_HUMAN
1585,PFD4_HUMAN
1586,RPR1A_HUMAN
1587,RS23_HUMAN
1588,SDA1_HUMAN
1589,UBR7_HUMAN
1590,A4_HUMAN
1591,AUP1_HUMAN
1592,B2MG_HUMAN
1593,CDN1A_HUMAN
1594,CLCA_HUMAN
1595,CRIP1_HUMAN
1596,CYC_HUMAN
1597,EPHB3_HUMAN
1598,EPHB4_HUMAN
1599,ERH_HUMAN
1600,F195A_HUMAN
1601,IBP4_HUMAN
1602,LAMB1_HUMAN
1603,LENG8_HUMAN
1604,LIPB1_HUMAN
1605,LKHA4_HUMAN
1606,LLPH_HUMAN
1607,MYPN_HUMAN
1608,NALP6_HUMAN
1609,NDUS6_HUMAN
1610,NHP2_HUMAN
1611,NIF3L_HUMAN
1612,NIT1_HUMAN
1613,PERI_HUMAN
1614,PIN4_HUMAN
1615,PSA2_HUMAN
1616,RAB7A_HUMAN
1617,RPAC2_HUMAN
1618,RPP38_HUMAN
1619,RRMJ3_HUMAN
1620,SLK_HUMAN
1621,SMOC1_HUMAN
1622,SPRE_HUMAN
1623,SRSF8_HUMAN
1624,TF65_HUMAN
1625,TIA1_HUMAN
1626,TIAR_HUMAN
1627,TIM13_HUMAN
1628,TNPO1_HUMAN
1629,TNPO2_HUMAN
1630,UB2L3_HUMAN
1631,UFO_HUMAN
1632,ACACA_HUMAN
1633,AURKB_HUMAN
1634,AURKC_HUMAN
1635,C1TM_HUMAN
1636,CLNK_HUMAN
1637,CPT1A_HUMAN
1638,CTNA2_HUMAN
1639,DPS1_HUMAN
1640,EIF3I_HUMAN
1641,EPS15_HUMAN
1642,FKB15_HUMAN
1643,FNBP1_HUMAN
1644,G3PT_HUMAN
1645,GSTO1_HUMAN
1646,IDH3A_HUMAN
1647,IF6_HUMAN
1648,IMA2_HUMAN
1649,K1C17_HUMAN
1650,LHPP_HUMAN
1651,MARK2_HUMAN
1652,NOB1_HUMAN
1653,NTKL_HUMAN
1654,NUCB1_HUMAN
1655,NXF1_HUMAN
1656,ODO1_HUMAN
1657,OPTN_HUMAN
1658,PCBP4_HUMAN
1659,PDE1A_HUMAN
1660,PLCG1_HUMAN
1661,PNCB_HUMAN
1662,PRDX3_HUMAN
1663,PROSC_HUMAN
1664,PSA4_HUMAN
1665,PURA1_HUMAN
1666,PYR5_HUMAN
1667,PYRG2_HUMAN
1668,RAGP1_HUMAN
1669,RL40_HUMAN
1670,RNH2A_HUMAN
1671,RPGF1_HUMAN
1672,RS4X_HUMAN
1673,RS4Y2_HUMAN
1674,S10AD_HUMAN
1675,SHIP1_HUMAN
1676,SIAS_HUMAN
1677,SIL1_HUMAN
1678,SPRY4_HUMAN
1679,STK6_HUMAN
1680,STRN4_HUMAN
1681,TRIPC_HUMAN
1682,TRM1_HUMAN
1683,UBB_HUMAN
1684,UBC_HUMAN
1685,UBP24_HUMAN
1686,USP9X_HUMAN
1687,USP9Y_HUMAN
1688,WDR47_HUMAN
1689,ZMYM4_HUMAN
1690,ZW10_HUMAN
1691,AN32A_HUMAN
1692,AN32C_HUMAN
1693,AN32D_HUMAN
1694,ANXA4_HUMAN
1695,BAZ1A_HUMAN
1696,BCCIP_HUMAN
1697,CAF1B_HUMAN
1698,CCS_HUMAN
1699,CG050_HUMAN
1700,DHB4_HUMAN
1701,DOM3Z_HUMAN
1702,DVL2_HUMAN
1703,FBLN1_HUMAN
1704,FOSL2_HUMAN
1705,GSCR2_HUMAN
1706,GT251_HUMAN
1707,GYS1_HUMAN
1708,HEM6_HUMAN
1709,IFRD1_HUMAN
1710,INCE_HUMAN
1711,LR16A_HUMAN
1712,MAT2B_HUMAN
1713,NCOAT_HUMAN
1714,NSF_HUMAN
1715,NUMA1_HUMAN
1716,NUP50_HUMAN
1717,PAP1M_HUMAN
1718,PI51A_HUMAN
1719,PITM1_HUMAN
1720,PNPT1_HUMAN
1721,PRDX5_HUMAN
1722,RMP_HUMAN
1723,RS10_HUMAN
1724,SCRIB_HUMAN
1725,SLIRP_HUMAN
1726,SYCM_HUMAN
1727,T22D2_HUMAN
1728,TCPB_HUMAN
1729,TMX1_HUMAN
1730,ZEP3_HUMAN
1731,2AAA_HUMAN
1732,2AAB_HUMAN
1733,A16A1_HUMAN
1734,ARI1B_HUMAN
1735,BMX_HUMAN
1736,BUD31_HUMAN
1737,CHRD1_HUMAN
1738,CSPG4_HUMAN
1739,CU070_HUMAN
1740,DC1L2_HUMAN
1741,DHAK_HUMAN
1742,DHB7_HUMAN
1743,EP15R_HUMAN
1744,FAF1_HUMAN
1745,FYV1_HUMAN
1746,GALK1_HUMAN
1747,GDIA_HUMAN
1748,GEPH_HUMAN
1749,IMPA2_HUMAN
1750,IRAK1_HUMAN
1751,K0528_HUMAN
1752,K6PL_HUMAN
1753,KHNYN_HUMAN
1754,NQO2_HUMAN
1755,NU214_HUMAN
1756,NUDC1_HUMAN
1757,PABP5_HUMAN
1758,PCIF1_HUMAN
1759,PDE8B_HUMAN
1760,PLBL2_HUMAN
1761,RAB13_HUMAN
1762,RBM39_HUMAN
1763,RFA1_HUMAN
1764,RGPD1_HUMAN
1765,RGPD3_HUMAN
1766,RGPD4_HUMAN
1767,RGPD5_HUMAN
1768,RGPD8_HUMAN
1769,SC22B_HUMAN
1770,STK24_HUMAN
1771,STXB1_HUMAN
1772,TBC17_HUMAN
1773,TBCD5_HUMAN
1774,TJAP1_HUMAN
1775,TLE3_HUMAN
1776,TOPB1_HUMAN
1777,TTC37_HUMAN
1778,TX1B3_HUMAN
1779,UBP47_HUMAN
1780,UBR4_HUMAN
1781,XRN2_HUMAN
1782,ZN622_HUMAN
1783,AAAT_HUMAN
1784,ARBK1_HUMAN
1785,ARBK2_HUMAN
1786,ARGL1_HUMAN
1787,BAG2_HUMAN
1788,BMI1_HUMAN
1789,CC132_HUMAN
1790,CE033_HUMAN
1791,COASY_HUMAN
1792,CPSF2_HUMAN
1793,DBLOH_HUMAN
1794,DCTN1_HUMAN
1795,EAPP_HUMAN
1796,FR1OP_HUMAN
1797,GIT1_HUMAN
1798,GLP3L_HUMAN
1799,IF4E2_HUMAN
1800,IMA3_HUMAN
1801,MIA3_HUMAN
1802,MIA40_HUMAN
1803,MOT1_HUMAN
1804,MRRP1_HUMAN
1805,NXP20_HUMAN
1806,PDZD8_HUMAN
1807,RCC2_HUMAN
1808,REL_HUMAN
1809,RIOK2_HUMAN
1810,SE1L1_HUMAN
1811,SPAS2_HUMAN
1812,TACC1_HUMAN
1813,TAOK3_HUMAN
1814,TRMT5_HUMAN
1815,LMTK1_HUMAN
1816,TIGD5_HUMAN
1817,2A5D_HUMAN
1818,ASPH_HUMAN
1819,AT2B2_HUMAN
1820,BLK_HUMAN
1821,BPNT1_HUMAN
1822,CD11A_HUMAN
1823,CD11B_HUMAN
1824,CMBL_HUMAN
1825,CTL2_HUMAN
1826,DHC24_HUMAN
1827,DNJB3_HUMAN
1828,DPOLA_HUMAN
1829,ECHM_HUMAN
1830,EMAL2_HUMAN
1831,EWS_HUMAN
1832,F122B_HUMAN
1833,GRDN_HUMAN
1834,HNRL2_HUMAN
1835,IDI1_HUMAN
1836,MARE1_HUMAN
1837,MARE2_HUMAN
1838,MMP15_HUMAN
1839,NFKB1_HUMAN
1840,NOP58_HUMAN
1841,OGT1_HUMAN
1842,PCYOX_HUMAN
1843,PDPR_HUMAN
1844,PPM1A_HUMAN
1845,PSMD8_HUMAN
1846,PXDN_HUMAN
1847,RDH10_HUMAN
1848,RPA1_HUMAN
1849,SHLB1_HUMAN
1850,SMCA5_HUMAN
1851,TF3C5_HUMAN
1852,WBS16_HUMAN
1853,ZCCHV_HUMAN
1854,ZN598_HUMAN
1855,BMPR2_HUMAN
1856,BMR1A_HUMAN
1857,BMR1B_HUMAN
1858,FL2D_HUMAN
1859,GRP2_HUMAN
1860,MTPN_HUMAN
1861,PAPOA_HUMAN
1862,RS10L_HUMAN
1863,SK2L2_HUMAN
1864,SPTC2_HUMAN
1865,ZCRB1_HUMAN
1866,MURC_HUMAN
1867,ZN184_HUMAN
1868,1A01_HUMAN
1869,1A03_HUMAN
1870,1A11_HUMAN
1871,1A29_HUMAN
1872,1A30_HUMAN
1873,1A31_HUMAN
1874,1A32_HUMAN
1875,1A36_HUMAN
1876,1A43_HUMAN
1877,1A74_HUMAN
1878,1A80_HUMAN
1879,1C01_HUMAN
1880,1C02_HUMAN
1881,1C03_HUMAN
1882,1C04_HUMAN
1883,1C05_HUMAN
1884,1C06_HUMAN
1885,1C07_HUMAN
1886,1C08_HUMAN
1887,1C12_HUMAN
1888,1C14_HUMAN
1889,1C15_HUMAN
1890,1C17_HUMAN
1891,1C18_HUMAN
1892,ADHX_HUMAN
1893,BI2L1_HUMAN
1894,CARF_HUMAN
1895,CCD55_HUMAN
1896,CKAP4_HUMAN
1897,CYBP_HUMAN
1898,DPP3_HUMAN
1899,FRDA_HUMAN
1900,GPTC1_HUMAN
1901,HLAH_HUMAN
1902,HNRPD_HUMAN
1903,HYPK_HUMAN
1904,IPO7_HUMAN
1905,K0556_HUMAN
1906,K1430_HUMAN
1907,KIF5A_HUMAN
1908,KIF5C_HUMAN
1909,LSR_HUMAN
1910,MCM5_HUMAN
1911,MSH2_HUMAN
1912,NOV_HUMAN
1913,NPL4_HUMAN
1914,NUSAP_HUMAN
1915,PP1R7_HUMAN
1916,PSD11_HUMAN
1917,PSF3_HUMAN
1918,RBM16_HUMAN
1919,RIOK1_HUMAN
1920,RL36A_HUMAN
1921,RPB9_HUMAN
1922,RUXF_HUMAN
1923,STK4_HUMAN
1924,SYUA_HUMAN
1925,SYUB_HUMAN
1926,TCF25_HUMAN
1927,WDR12_HUMAN
1928,WDR1_HUMAN
1929,ZC3H8_HUMAN
1930,ZCH18_HUMAN
1931,BRAF_HUMAN
1932,FA40A_HUMAN
1933,RAF1_HUMAN
1934,ADRO_HUMAN
1935,ADX_HUMAN
1936,AGRIN_HUMAN
1937,APT_HUMAN
1938,BIN1_HUMAN
1939,CB043_HUMAN
1940,CBPD_HUMAN
1941,CT027_HUMAN
1942,DAG1_HUMAN
1943,DAZP1_HUMAN
1944,DHX36_HUMAN
1945,DREB_HUMAN
1946,ETV6_HUMAN
1947,EXOS8_HUMAN
1948,HACL1_HUMAN
1949,HXK1_HUMAN
1950,LGMN_HUMAN
1951,MPPA_HUMAN
1952,NIBAN_HUMAN
1953,PPM1G_HUMAN
1954,PSMD6_HUMAN
1955,PTK6_HUMAN
1956,RAP1A_HUMAN
1957,RAP1B_HUMAN
1958,RWDD4_HUMAN
1959,S10AB_HUMAN
1960,SRS11_HUMAN
1961,SYFB_HUMAN
1962,THIC_HUMAN
1963,TRIO_HUMAN
1964,VHL_HUMAN
1965,XPO7_HUMAN
1966,ZN330_HUMAN
1967,ZN593_HUMAN
1968,ZO2_HUMAN
1969,BRSK1_HUMAN
1970,KTU_HUMAN
1971,SRP19_HUMAN
1972,STMN1_HUMAN
1973,STMN2_HUMAN
1974,AGFG1_HUMAN
1975,BRSK2_HUMAN
1976,CA163_HUMAN
1977,CH059_HUMAN
1978,DDB1_HUMAN
1979,HBS1L_HUMAN
1980,LAMP1_HUMAN
1981,MTMR3_HUMAN
1982,RHG21_HUMAN
1983,SASH1_HUMAN
1984,STRN_HUMAN
1985,TMX3_HUMAN
1986,URFB1_HUMAN
1987,AACS_HUMAN
1988,BTK_HUMAN
1989,CSK22_HUMAN
1990,CXXC1_HUMAN
1991,DPYL2_HUMAN
1992,DUS2L_HUMAN
1993,ELP4_HUMAN
1994,FCL_HUMAN
1995,HAX1_HUMAN
1996,K0562_HUMAN
1997,LMNB1_HUMAN
1998,NIPS2_HUMAN
1999,NMI_HUMAN
2000,NOP56_HUMAN
2001,PARVA_HUMAN
2002,PDIP2_HUMAN
2003,PGM2_HUMAN
2004,PPWD1_HUMAN
2005,PTN1_HUMAN
2006,PTPRJ_HUMAN
2007,RGAP1_HUMAN
2008,RM03_HUMAN
2009,RPN1_HUMAN
2010,RT02_HUMAN
2011,SMC3_HUMAN
2012,SPN1_HUMAN
2013,SRSF4_HUMAN
2014,T53I2_HUMAN
2015,TFP11_HUMAN
2016,TLE1_HUMAN
2017,TLE4_HUMAN
2018,UBE2O_HUMAN
2019,ZFR_HUMAN
2020,BUB1_HUMAN
2021,PCNP_HUMAN
2022,WNT5A_HUMAN
2023,WNT5B_HUMAN
2024,1C16_HUMAN
2025,BSDC1_HUMAN
2026,BTAF1_HUMAN
2027,BUB1B_HUMAN
2028,CA055_HUMAN
2029,EKI1_HUMAN
2030,ERCC5_HUMAN
2031,GCC2_HUMAN
2032,GG2L3_HUMAN
2033,INF2_HUMAN
2034,MD1L1_HUMAN
2035,MRI40_HUMAN
2036,MST4_HUMAN
2037,NCK1_HUMAN
2038,NISCH_HUMAN
2039,NUP93_HUMAN
2040,PEX19_HUMAN
2041,PININ_HUMAN
2042,PRKDC_HUMAN
2043,PSB7_HUMAN
2044,RAD50_HUMAN
2045,RB6I2_HUMAN
2046,RLP24_HUMAN
2047,RP9_HUMAN
2048,S12IP_HUMAN
2049,SAFB1_HUMAN
2050,SAFB2_HUMAN
2051,SMD2_HUMAN
2052,SRPK1_HUMAN
2053,SYNRG_HUMAN
2054,TAF7_HUMAN
2055,TMOD3_HUMAN
2056,TPM4_HUMAN
2057,UBXN7_HUMAN
2058,YTDC2_HUMAN
2059,AK1A1_HUMAN
2060,CHM2B_HUMAN
2061,COPD_HUMAN
2062,GEMI5_HUMAN
2063,KIF15_HUMAN
2064,KKCC1_HUMAN
2065,LIPA1_HUMAN
2066,PAK1_HUMAN
2067,PAK3_HUMAN
2068,TBB4Q_HUMAN
2069,TBB8_HUMAN
2070,TPD54_HUMAN
2071,TXLNG_HUMAN
2072,TXND9_HUMAN
2073,BTF3_HUMAN
2074,CCD40_HUMAN
2075,HS904_HUMAN
2076,KKCC2_HUMAN
2077,MINP1_HUMAN
2078,SORCN_HUMAN
2079,ADDA_HUMAN
2080,ADDG_HUMAN
2081,AFAP1_HUMAN
2082,AHNK_HUMAN
2083,AKP13_HUMAN
2084,ALG5_HUMAN
2085,ARHG2_HUMAN
2086,ARHGI_HUMAN
2087,ARI1A_HUMAN
2088,AT1A1_HUMAN
2089,AT1A2_HUMAN
2090,AT1A3_HUMAN
2091,C170L_HUMAN
2092,CAND1_HUMAN
2093,CBR3_HUMAN
2094,CCDC6_HUMAN
2095,CDA7L_HUMAN
2096,CELF1_HUMAN
2097,CENPF_HUMAN
2098,CG047_HUMAN
2099,CHIP_HUMAN
2100,CLAP2_HUMAN
2101,CND2_HUMAN
2102,CNNM3_HUMAN
2103,DC1I2_HUMAN
2104,DC1L1_HUMAN
2105,DCTP1_HUMAN
2106,DDX50_HUMAN
2107,DTL_HUMAN
2108,ECE1_HUMAN
2109,EI2BD_HUMAN
2110,F122A_HUMAN
2111,FA53C_HUMAN
2112,FLII_HUMAN
2113,FOXK1_HUMAN
2114,GTF2I_HUMAN
2115,HAUS6_HUMAN
2116,HDDC3_HUMAN
2117,HINT2_HUMAN
2118,HN1L_HUMAN
2119,HNRLL_HUMAN
2120,IN80B_HUMAN
2121,IPYR2_HUMAN
2122,K6PF_HUMAN
2123,LYRIC_HUMAN
2124,MAP2_HUMAN
2125,MARCS_HUMAN
2126,MBB1A_HUMAN
2127,MLF2_HUMAN
2128,MRCKB_HUMAN
2129,MRP_HUMAN
2130,MSH6_HUMAN
2131,MTRR_HUMAN
2132,NFIC_HUMAN
2133,NHRF1_HUMAN
2134,NOP14_HUMAN
2135,NSDHL_HUMAN
2136,OGFR_HUMAN
2137,OSB11_HUMAN
2138,OXSR1_HUMAN
2139,P3C2A_HUMAN
2140,PCM1_HUMAN
2141,PDD2L_HUMAN
2142,PDS5B_HUMAN
2143,PP4R2_HUMAN
2144,PRS7_HUMAN
2145,PSMF1_HUMAN
2146,PTBP2_HUMAN
2147,PTN2_HUMAN
2148,RCL_HUMAN
2149,REQU_HUMAN
2150,REXO4_HUMAN
2151,RIF1_HUMAN
2152,RNZ2_HUMAN
2153,RPRD2_HUMAN
2154,RS20_HUMAN
2155,RS5_HUMAN
2156,RTTN_HUMAN
2157,SCFD1_HUMAN
2158,SF3B3_HUMAN
2159,SI1L3_HUMAN
2160,SLPI_HUMAN
2161,SNTB1_HUMAN
2162,SPT5H_HUMAN
2163,STRN3_HUMAN
2164,TACC2_HUMAN
2165,TB10B_HUMAN
2166,TBC15_HUMAN
2167,TE2IP_HUMAN
2168,TENS3_HUMAN
2169,TGT_HUMAN
2170,TOE1_HUMAN
2171,TRI25_HUMAN
2172,WAPL_HUMAN
2173,ZC3H4_HUMAN
2174,ZN221_HUMAN
2175,AR6P4_HUMAN
2176,CDC7_HUMAN
2177,DBF4A_HUMAN
2178,K1522_HUMAN
2179,MGAP_HUMAN
2180,RL7A_HUMAN
2181,CDK19_HUMAN
2182,SAS6_HUMAN
2183,AKTS1_HUMAN
2184,ANR17_HUMAN
2185,CALD1_HUMAN
2186,CCNA2_HUMAN
2187,CDK12_HUMAN
2188,CQ049_HUMAN
2189,DGCR8_HUMAN
2190,GORS2_HUMAN
2191,MA7D3_HUMAN
2192,MEF2D_HUMAN
2193,MEP50_HUMAN
2194,MIO_HUMAN
2195,P66B_HUMAN
2196,PALM_HUMAN
2197,PHC2_HUMAN
2198,SRRT_HUMAN
2199,TAF2_HUMAN
2200,TARA_HUMAN
2201,TTC38_HUMAN
2202,BGAL_HUMAN
2203,CL043_HUMAN
2204,DENR_HUMAN
2205,DTNA_HUMAN
2206,DTNB_HUMAN
2207,GAN_HUMAN
2208,GCN1L_HUMAN
2209,HD_HUMAN
2210,LIMA1_HUMAN
2211,MADD_HUMAN
2212,P4K2A_HUMAN
2213,PCF11_HUMAN
2214,PCSK7_HUMAN
2215,PRI2_HUMAN
2216,R3GEF_HUMAN
2217,SIRT1_HUMAN
2218,SRRM1_HUMAN
2219,VINEX_HUMAN
2220,XPO5_HUMAN
2221,ZN830_HUMAN
2222,ABCF2_HUMAN
2223,CCNE1_HUMAN
2224,CI040_HUMAN
2225,FMNL_HUMAN
2226,MP2K6_HUMAN
2227,NCOR1_HUMAN
2228,UGDH_HUMAN
2229,CCND1_HUMAN
2230,CDK4_HUMAN
2231,CCND3_HUMAN
2232,ZN559_HUMAN
2233,ABLM2_HUMAN
2234,AGAP1_HUMAN
2235,ASB9_HUMAN
2236,ATF2_HUMAN
2237,BCL7B_HUMAN
2238,BCR_HUMAN
2239,BRD8_HUMAN
2240,CAPON_HUMAN
2241,CBL_HUMAN
2242,CD5R1_HUMAN
2243,CDK5_HUMAN
2244,EGLN1_HUMAN
2245,GAK_HUMAN
2246,HEBP2_HUMAN
2247,MGRN1_HUMAN
2248,NIPBL_HUMAN
2249,NUDC3_HUMAN
2250,OFUT1_HUMAN
2251,P66A_HUMAN
2252,PHF3_HUMAN
2253,PSB6_HUMAN
2254,PSD10_HUMAN
2255,PUR2_HUMAN
2256,RABEK_HUMAN
2257,RBP10_HUMAN
2258,RPA34_HUMAN
2259,SEPT6_HUMAN
2260,TRPT1_HUMAN
2261,TTC33_HUMAN
2262,VATH_HUMAN
2263,WIPI2_HUMAN
2264,ZC3HD_HUMAN
2265,BOLA2_HUMAN
2266,DUSTY_HUMAN
2267,MAT1_HUMAN
2268,PLCL2_HUMAN
2269,CDK8_HUMAN
2270,3BP5_HUMAN
2271,CCNT1_HUMAN
2272,CCNT2_HUMAN
2273,CDK9_HUMAN
2274,F175B_HUMAN
2275,FOXJ3_HUMAN
2276,PERQ1_HUMAN
2277,TLK1_HUMAN
2278,ZFAN5_HUMAN
2279,ACSA_HUMAN
2280,ARHGB_HUMAN
2281,BBX_HUMAN
2282,CCD25_HUMAN
2283,CCNK_HUMAN
2284,CPNE3_HUMAN
2285,DDB2_HUMAN
2286,DNPEP_HUMAN
2287,DOS_HUMAN
2288,F134A_HUMAN
2289,FNBP4_HUMAN
2290,GTPB1_HUMAN
2291,MOCOS_HUMAN
2292,MTHR_HUMAN
2293,NQO1_HUMAN
2294,PKP4_HUMAN
2295,PTSS2_HUMAN
2296,RFC1_HUMAN
2297,RPAP1_HUMAN
2298,SET1A_HUMAN
2299,SMC4_HUMAN
2300,TOX4_HUMAN
2301,A2MG_HUMAN
2302,APLP2_HUMAN
2303,C2C4C_HUMAN
2304,CDC73_HUMAN
2305,CO039_HUMAN
2306,DDX10_HUMAN
2307,DHX57_HUMAN
2308,DTWD2_HUMAN
2309,INT1_HUMAN
2310,KGP2_HUMAN
2311,KI21A_HUMAN
2312,PCNT_HUMAN
2313,RB3GP_HUMAN
2314,RL1D1_HUMAN
2315,RMI1_HUMAN
2316,RPA43_HUMAN
2317,SE6L2_HUMAN
2318,SNX17_HUMAN
2319,TITIN_HUMAN
2320,URGCP_HUMAN
2321,VGLL4_HUMAN
2322,VPS4A_HUMAN
2323,ZFP91_HUMAN
2324,ZYX_HUMAN
2325,CHK1_HUMAN
2326,CNTN5_HUMAN
2327,FEN1_HUMAN
2328,H15_HUMAN
2329,H31T_HUMAN
2330,H31_HUMAN
2331,H32_HUMAN
2332,H33_HUMAN
2333,H3C_HUMAN
2334,LAT1_HUMAN
2335,NOL12_HUMAN
2336,PARF_HUMAN
2337,PRPS1_HUMAN
2338,PRPS3_HUMAN
2339,RS4Y1_HUMAN
2340,RU2A_HUMAN
2341,S10A4_HUMAN
2342,SEC13_HUMAN
2343,SRSF5_HUMAN
2344,CDCA3_HUMAN
2345,CHK2_HUMAN
2346,LEO1_HUMAN
2347,MEA1_HUMAN
2348,RTN3_HUMAN
2349,GPN1_HUMAN
2350,KC1A_HUMAN
2351,SUMO2_HUMAN
2352,SUMO3_HUMAN
2353,SUMO4_HUMAN
2354,AFTIN_HUMAN
2355,ARHL2_HUMAN
2356,ASCC2_HUMAN
2357,ATP4A_HUMAN
2358,CBX5_HUMAN
2359,CHM2A_HUMAN
2360,CLCB_HUMAN
2361,DLG1_HUMAN
2362,DLG2_HUMAN
2363,KC1D_HUMAN
2364,KC1E_HUMAN
2365,KIF1C_HUMAN
2366,LARP7_HUMAN
2367,LOXL2_HUMAN
2368,LPIN3_HUMAN
2369,MPP10_HUMAN
2370,NACC1_HUMAN
2371,NADAP_HUMAN
2372,OLM2B_HUMAN
2373,PCKGM_HUMAN
2374,PMS2L_HUMAN
2375,PMS2_HUMAN
2376,PSMD3_HUMAN
2377,RBPMS_HUMAN
2378,RRP15_HUMAN
2379,RS28_HUMAN
2380,SEPT9_HUMAN
2381,TACC3_HUMAN
2382,UTP18_HUMAN
2383,WASF2_HUMAN
2384,ZCHC8_HUMAN
2385,DPOD1_HUMAN
2386,IAH1_HUMAN
2387,SAAL1_HUMAN
2388,UBP10_HUMAN
2389,C10_HUMAN
2390,FKBP9_HUMAN
2391,ITPA_HUMAN
2392,LYAR_HUMAN
2393,NKAP_HUMAN
2394,PHF6_HUMAN
2395,RBM34_HUMAN
2396,ANKZ1_HUMAN
2397,ANO4_HUMAN
2398,GBB1_HUMAN
2399,GRL1A_HUMAN
2400,GRL1B_HUMAN
2401,KC1G2_HUMAN
2402,LTBP1_HUMAN
2403,RRFM_HUMAN
2404,SAMH1_HUMAN
2405,SRPRB_HUMAN
2406,TNR6B_HUMAN
2407,TP53B_HUMAN
2408,TRI33_HUMAN
2409,EDC4_HUMAN
2410,KC1G3_HUMAN
2411,TX264_HUMAN
2412,NUP85_HUMAN
2413,P3H1_HUMAN
2414,SAE1_HUMAN
2415,TPMT_HUMAN
2416,WDR55_HUMAN
2417,ADNP_HUMAN
2418,ANKY2_HUMAN
2419,AP3B1_HUMAN
2420,ARMX3_HUMAN
2421,ASAP2_HUMAN
2422,ASML_HUMAN
2423,BA2L1_HUMAN
2424,BRD4_HUMAN
2425,BYST_HUMAN
2426,BZW2_HUMAN
2427,C5ARL_HUMAN
2428,CA052_HUMAN
2429,CASP3_HUMAN
2430,CCD43_HUMAN
2431,CLC2B_HUMAN
2432,CSN2_HUMAN
2433,CYTSB_HUMAN
2434,DI3L2_HUMAN
2435,DKC1_HUMAN
2436,DNJC1_HUMAN
2437,GRLF1_HUMAN
2438,GSH1_HUMAN
2439,HUWE1_HUMAN
2440,IWS1_HUMAN
2441,K0907_HUMAN
2442,KDM1A_HUMAN
2443,KTN1_HUMAN
2444,LRP1_HUMAN
2445,LYSM1_HUMAN
2446,MK07_HUMAN
2447,MORC2_HUMAN
2448,NOC2L_HUMAN
2449,NOL8_HUMAN
2450,PHF23_HUMAN
2451,RANB9_HUMAN
2452,RBM33_HUMAN
2453,RRP1B_HUMAN
2454,RTF1_HUMAN
2455,SORT_HUMAN
2456,SPAG7_HUMAN
2457,SPF45_HUMAN
2458,SSA27_HUMAN
2459,SSF1_HUMAN
2460,TBD2A_HUMAN
2461,THUM1_HUMAN
2462,TOP2A_HUMAN
2463,TOP2B_HUMAN
2464,UHRF1_HUMAN
2465,WDR75_HUMAN
2466,WRIP1_HUMAN
2467,ZFY19_HUMAN
2468,ZIM2_HUMAN
2469,CLK1_HUMAN
2470,CLK4_HUMAN
2471,HSPB8_HUMAN
2472,NAGK_HUMAN
2473,NBAS_HUMAN
2474,NFAC3_HUMAN
2475,SFR19_HUMAN
2476,SYNEM_HUMAN
2477,TPM2_HUMAN
2478,CLK2_HUMAN
2479,MYCB2_HUMAN
2480,RNC_HUMAN
2481,YTDC1_HUMAN
2482,CLK3_HUMAN
2483,K2C1_HUMAN
2484,SFR12_HUMAN
2485,M3K8_HUMAN
2486,YIPF5_HUMAN
2487,CTRO_HUMAN
2488,ZN384_HUMAN
2489,CCNL1_HUMAN
2490,TICN3_HUMAN
2491,CSK_HUMAN
2492,DCP1A_HUMAN
2493,GNL3_HUMAN
2494,LPIN1_HUMAN
2495,MATK_HUMAN
2496,MET_HUMAN
2497,KCC1A_HUMAN
2498,KCC1D_HUMAN
2499,PTN12_HUMAN
2500,REPS1_HUMAN
2501,REPS2_HUMAN
2502,RO52_HUMAN
2503,VGFR2_HUMAN
2504,KCC1B_HUMAN
2505,ES8L2_HUMAN
2506,TNR6A_HUMAN
2507,AASD1_HUMAN
2508,ANLN_HUMAN
2509,BPTF_HUMAN
2510,CDCA2_HUMAN
2511,CT043_HUMAN
2512,DHX30_HUMAN
2513,DLGP5_HUMAN
2514,K0802_HUMAN
2515,K1143_HUMAN
2516,KCC2A_HUMAN
2517,KCC2B_HUMAN
2518,KCC2D_HUMAN
2519,KCC2G_HUMAN
2520,LAS1L_HUMAN
2521,MPRI_HUMAN
2522,NEDD1_HUMAN
2523,NEMO_HUMAN
2524,NH2L1_HUMAN
2525,PAK4_HUMAN
2526,RBP56_HUMAN
2527,SNX1_HUMAN
2528,SP16H_HUMAN
2529,TBL2_HUMAN
2530,UBR5_HUMAN
2531,VIPAR_HUMAN
2532,ATP5J_HUMAN
2533,LRRF2_HUMAN
2534,PEPD_HUMAN
2535,POP1_HUMAN
2536,RPGF6_HUMAN
2537,SDCG1_HUMAN
2538,TIM10_HUMAN
2539,CHM4B_HUMAN
2540,CK096_HUMAN
2541,KPCD1_HUMAN
2542,PEA15_HUMAN
2543,SYFA_HUMAN
2544,SYNPO_HUMAN
2545,YTHD2_HUMAN
2546,AL2S4_HUMAN
2547,CT112_HUMAN
2548,CWC15_HUMAN
2549,CWC27_HUMAN
2550,DLGP4_HUMAN
2551,PRCC_HUMAN
2552,RECQ4_HUMAN
2553,SPD2A_HUMAN
2554,SRFB1_HUMAN
2555,SYNE2_HUMAN
2556,SYUG_HUMAN
2557,ZF64A_HUMAN
2558,ADA2C_HUMAN
2559,KCC4_HUMAN
2560,CE290_HUMAN
2561,HELLS_HUMAN
2562,PAWR_HUMAN
2563,SMRC2_HUMAN
2564,DAPK2_HUMAN
2565,MMP9_HUMAN
2566,DAPK3_HUMAN
2567,DCLK1_HUMAN
2568,DCX_HUMAN
2569,SODC_HUMAN
2570,CAF1A_HUMAN
2571,DCLK2_HUMAN
2572,E41L2_HUMAN
2573,STK10_HUMAN
2574,ZN326_HUMAN
2575,DDR1_HUMAN
2576,EPHA7_HUMAN
2577,ABHEB_HUMAN
2578,ADA10_HUMAN
2579,ADA17_HUMAN
2580,DCTN4_HUMAN
2581,DDX23_HUMAN
2582,EPHB1_HUMAN
2583,EPHB2_HUMAN
2584,EPN2_HUMAN
2585,EPN3_HUMAN
2586,ERI1_HUMAN
2587,GDE_HUMAN
2588,GLYG_HUMAN
2589,GNAS1_HUMAN
2590,GNAS2_HUMAN
2591,HOOK3_HUMAN
2592,IPO13_HUMAN
2593,KIF11_HUMAN
2594,KPCD_HUMAN
2595,LANC1_HUMAN
2596,LG3BP_HUMAN
2597,LONM_HUMAN
2598,MAGD1_HUMAN
2599,MAPK3_HUMAN
2600,MARK3_HUMAN
2601,MIF_HUMAN
2602,MPRIP_HUMAN
2603,MTOR_HUMAN
2604,MYL9_HUMAN
2605,NDUF4_HUMAN
2606,OLA1_HUMAN
2607,PABP2_HUMAN
2608,PDXK_HUMAN
2609,PLOD1_HUMAN
2610,PLOD3_HUMAN
2611,PRI1_HUMAN
2612,PTPRS_HUMAN
2613,PYGM_HUMAN
2614,S39AA_HUMAN
2615,SPG21_HUMAN
2616,SYSM_HUMAN
2617,TBC20_HUMAN
2618,TF3C4_HUMAN
2619,THUM3_HUMAN
2620,TRPV5_HUMAN
2621,UAP1_HUMAN
2622,UBP11_HUMAN
2623,UBP15_HUMAN
2624,UBP4_HUMAN
2625,WDR6_HUMAN
2626,GRK4_HUMAN
2627,M3K12_HUMAN
2628,DMPK_HUMAN
2629,MICA1_HUMAN
2630,ST17B_HUMAN
2631,B3A2_HUMAN
2632,COPG_HUMAN
2633,DYR1A_HUMAN
2634,DYR1B_HUMAN
2635,E41L1_HUMAN
2636,FADD_HUMAN
2637,KTI12_HUMAN
2638,MK67I_HUMAN
2639,PATL1_HUMAN
2640,PHF12_HUMAN
2641,PMYT1_HUMAN
2642,RERE_HUMAN
2643,SDC1_HUMAN
2644,SF04_HUMAN
2645,SNIP1_HUMAN
2646,SNUT2_HUMAN
2647,TANC1_HUMAN
2648,UBP20_HUMAN
2649,WAC_HUMAN
2650,ZEB1_HUMAN
2651,ZN828_HUMAN
2652,ACACB_HUMAN
2653,AMPB_HUMAN
2654,ARRB1_HUMAN
2655,ASPG_HUMAN
2656,BCAM_HUMAN
2657,BET1L_HUMAN
2658,C2D1A_HUMAN
2659,CAPG_HUMAN
2660,CB018_HUMAN
2661,CEP55_HUMAN
2662,CPSF1_HUMAN
2663,DFNA5_HUMAN
2664,DHE3_HUMAN
2665,DHE4_HUMAN
2666,DP13A_HUMAN
2667,DPOA2_HUMAN
2668,DYRK2_HUMAN
2669,DYRK4_HUMAN
2670,EAF1_HUMAN
2671,ELAV1_HUMAN
2672,FA96B_HUMAN
2673,GFPT2_HUMAN
2674,IF2B2_HUMAN
2675,IRGQ_HUMAN
2676,KIF1B_HUMAN
2677,L12R1_HUMAN
2678,LIMD1_HUMAN
2679,LPIN2_HUMAN
2680,MRE11_HUMAN
2681,NIBL1_HUMAN
2682,NU107_HUMAN
2683,NU188_HUMAN
2684,PFD2_HUMAN
2685,PHLB1_HUMAN
2686,PURB_HUMAN
2687,RAD21_HUMAN
2688,RBM25_HUMAN
2689,RPAC1_HUMAN
2690,RUEL1_HUMAN
2691,RUXE_HUMAN
2692,SCRN1_HUMAN
2693,SMCE1_HUMAN
2694,SPS1_HUMAN
2695,SRPR_HUMAN
2696,SRXN1_HUMAN
2697,TAB1_HUMAN
2698,TAF12_HUMAN
2699,TBCC_HUMAN
2700,TBCD_HUMAN
2701,TFG_HUMAN
2702,TIM8B_HUMAN
2703,TM192_HUMAN
2704,TOM20_HUMAN
2705,TRUA_HUMAN
2706,TSNAX_HUMAN
2707,UBE2T_HUMAN
2708,UBP16_HUMAN
2709,UNG_HUMAN
2710,ASPC1_HUMAN
2711,CC037_HUMAN
2712,DYRK3_HUMAN
2713,F105B_HUMAN
2714,FARP1_HUMAN
2715,FBX4_HUMAN
2716,NDC80_HUMAN
2717,OS9_HUMAN
2718,PSD7_HUMAN
2719,QTRD1_HUMAN
2720,RPTOR_HUMAN
2721,TB3L2_HUMAN
2722,TBC3B_HUMAN
2723,TBC3C_HUMAN
2724,TBC3G_HUMAN
2725,TBC3L_HUMAN
2726,TF3C1_HUMAN
2727,CBX6_HUMAN
2728,CP042_HUMAN
2729,GRN_HUMAN
2730,JUB_HUMAN
2731,K1712_HUMAN
2732,KNTC1_HUMAN
2733,NUMB_HUMAN
2734,PA1_HUMAN
2735,PPIG_HUMAN
2736,RAB3I_HUMAN
2737,RN126_HUMAN
2738,RT23_HUMAN
2739,SC24C_HUMAN
2740,TRA2B_HUMAN
2741,EF2K_HUMAN
2742,ACPM_HUMAN
2743,ARI4B_HUMAN
2744,EGFR_HUMAN
2745,ENDD1_HUMAN
2746,MAP7_HUMAN
2747,MED1_HUMAN
2748,MFF_HUMAN
2749,NBN_HUMAN
2750,NEST_HUMAN
2751,PEX5_HUMAN
2752,PQBP1_HUMAN
2753,RBM22_HUMAN
2754,RFIP1_HUMAN
2755,RFIP2_HUMAN
2756,RPB3_HUMAN
2757,RPF1_HUMAN
2758,SIK3_HUMAN
2759,SMRCD_HUMAN
2760,SYF2_HUMAN
2761,TRIP4_HUMAN
2762,YJ005_HUMAN
2763,1A02_HUMAN
2764,1A23_HUMAN
2765,1A24_HUMAN
2766,ARI2_HUMAN
2767,CIP2A_HUMAN
2768,DACT3_HUMAN
2769,DDX18_HUMAN
2770,DDX4_HUMAN
2771,EPHA1_HUMAN
2772,MTND_HUMAN
2773,NARF_HUMAN
2774,PAR14_HUMAN
2775,RAB14_HUMAN
2776,RL22_HUMAN
2777,TF2H1_HUMAN
2778,TXN4B_HUMAN
2779,TYDP2_HUMAN
2780,U3IP2_HUMAN
2781,ABI1_HUMAN
2782,CD2B2_HUMAN
2783,CJ058_HUMAN
2784,EPHA2_HUMAN
2785,FKBP8_HUMAN
2786,IDH3B_HUMAN
2787,K1C14_HUMAN
2788,MOC2B_HUMAN
2789,MYO1B_HUMAN
2790,PDCL3_HUMAN
2791,PPCEL_HUMAN
2792,UBP7_HUMAN
2793,ABCA2_HUMAN
2794,AL9A1_HUMAN
2795,AN32E_HUMAN
2796,ASAP1_HUMAN
2797,ASNA_HUMAN
2798,ATRAP_HUMAN
2799,CASP8_HUMAN
2800,CKAP5_HUMAN
2801,CNDP2_HUMAN
2802,CSK2B_HUMAN
2803,DDRGK_HUMAN
2804,DIP2B_HUMAN
2805,DNMBP_HUMAN
2806,DPOD3_HUMAN
2807,EDF1_HUMAN
2808,EPHA3_HUMAN
2809,EPHA4_HUMAN
2810,EPHA5_HUMAN
2811,EPHA6_HUMAN
2812,ERC6L_HUMAN
2813,F125A_HUMAN
2814,FDFT_HUMAN
2815,FPRP_HUMAN
2816,GDPD1_HUMAN
2817,GMEB1_HUMAN
2818,HLTF_HUMAN
2819,IF5A1_HUMAN
2820,IF5A2_HUMAN
2821,IF5AL_HUMAN
2822,K1C13_HUMAN
2823,K1C15_HUMAN
2824,K1C16_HUMAN
2825,K1C20_HUMAN
2826,LDLR_HUMAN
2827,LYRM7_HUMAN
2828,NDUS3_HUMAN
2829,NDUV2_HUMAN
2830,P20D2_HUMAN
2831,PDP1_HUMAN
2832,PPP6_HUMAN
2833,PRS6B_HUMAN
2834,PSB4_HUMAN
2835,PSB9_HUMAN
2836,PTN9_HUMAN
2837,R113A_HUMAN
2838,RIOK3_HUMAN
2839,RM46_HUMAN
2840,RMD1_HUMAN
2841,S38A2_HUMAN
2842,SMAP2_HUMAN
2843,SPAT5_HUMAN
2844,SSU72_HUMAN
2845,TM159_HUMAN
2846,TMED7_HUMAN
2847,TTL12_HUMAN
2848,UBE2Z_HUMAN
2849,UCHL5_HUMAN
2850,ULA1_HUMAN
2851,VIP1_HUMAN
2852,VIP2_HUMAN
2853,YRDC_HUMAN
2854,DYR_HUMAN
2855,STS_HUMAN
2856,AKIR2_HUMAN
2857,BAP31_HUMAN
2858,DEN4C_HUMAN
2859,RBM5_HUMAN
2860,SFR14_HUMAN
2861,UBE2N_HUMAN
2862,RED_HUMAN
2863,SNX5_HUMAN
2864,UB7I3_HUMAN
2865,AIFM2_HUMAN
2866,AL1B1_HUMAN
2867,BRE1B_HUMAN
2868,COG5_HUMAN
2869,COPZ1_HUMAN
2870,DCA13_HUMAN
2871,DHSB_HUMAN
2872,DPYL3_HUMAN
2873,ECE2_HUMAN
2874,ELP3_HUMAN
2875,EPHA8_HUMAN
2876,GNAI3_HUMAN
2877,GNPI1_HUMAN
2878,GRSF1_HUMAN
2879,HELC1_HUMAN
2880,KAP1_HUMAN
2881,KIN17_HUMAN
2882,LIPL_HUMAN
2883,MCES_HUMAN
2884,MOL1A_HUMAN
2885,MOL1B_HUMAN
2886,NAF1_HUMAN
2887,NCPR_HUMAN
2888,NU155_HUMAN
2889,PGP_HUMAN
2890,PHF10_HUMAN
2891,PI42B_HUMAN
2892,PI42C_HUMAN
2893,PLCE1_HUMAN
2894,PPIL2_HUMAN
2895,PRS23_HUMAN
2896,RFA2_HUMAN
2897,SMC1A_HUMAN
2898,SSRD_HUMAN
2899,TFB2M_HUMAN
2900,TIPRL_HUMAN
2901,VATC1_HUMAN
2902,ANXA3_HUMAN
2903,ARPC5_HUMAN
2904,BLMH_HUMAN
2905,CACO2_HUMAN
2906,COTL1_HUMAN
2907,DHRS7_HUMAN
2908,DYLT1_HUMAN
2909,F192A_HUMAN
2910,GNAI2_HUMAN
2911,GSTM3_HUMAN
2912,HDGR3_HUMAN
2913,HINT1_HUMAN
2914,HMGLX_HUMAN
2915,IF4G3_HUMAN
2916,LTV1_HUMAN
2917,PFD5_HUMAN
2918,PIMT_HUMAN
2919,PSIP1_HUMAN
2920,RM12_HUMAN
2921,RP1BL_HUMAN
2922,RS15_HUMAN
2923,RWDD1_HUMAN
2924,SYK_HUMAN
2925,UN13D_HUMAN
2926,VPS29_HUMAN
2927,AIBP_HUMAN
2928,ATLA2_HUMAN
2929,DHYS_HUMAN
2930,GRB2_HUMAN
2931,HPPD_HUMAN
2932,MEMO1_HUMAN
2933,MO4L1_HUMAN
2934,MTAP_HUMAN
2935,PURA_HUMAN
2936,SGT1_HUMAN
2937,AP2M1_HUMAN
2938,CHMP5_HUMAN
2939,DYL2_HUMAN
2940,ECHD1_HUMAN
2941,KHDR2_HUMAN
2942,KHDR3_HUMAN
2943,MCA3_HUMAN
2944,MTL13_HUMAN
2945,PESC_HUMAN
2946,PSPC1_HUMAN
2947,CB047_HUMAN
2948,ESTD_HUMAN
2949,PO6F2_HUMAN
2950,PSB3_HUMAN
2951,RS26_HUMAN
2952,CK5P2_HUMAN
2953,CWC22_HUMAN
2954,TRIPB_HUMAN
2955,ERBB2_HUMAN
2956,FRK_HUMAN
2957,PKHA3_HUMAN
2958,AINX_HUMAN
2959,CO038_HUMAN
2960,DESM_HUMAN
2961,ERBB4_HUMAN
2962,FA50B_HUMAN
2963,FA98A_HUMAN
2964,GEMI6_HUMAN
2965,GIT2_HUMAN
2966,KSYK_HUMAN
2967,MA2A2_HUMAN
2968,NFM_HUMAN
2969,PTTG1_HUMAN
2970,PTTG2_HUMAN
2971,SH3L1_HUMAN
2972,TF2AA_HUMAN
2973,3HIDH_HUMAN
2974,ARHG5_HUMAN
2975,CCNB2_HUMAN
2976,CRIM1_HUMAN
2977,DPP2_HUMAN
2978,EGLN_HUMAN
2979,FA83A_HUMAN
2980,FCSD2_HUMAN
2981,HCD2_HUMAN
2982,HXC10_HUMAN
2983,KS6C1_HUMAN
2984,LYAG_HUMAN
2985,MAP1S_HUMAN
2986,MK03_HUMAN
2987,NCOR2_HUMAN
2988,NHRF2_HUMAN
2989,PAXI1_HUMAN
2990,PIN1_HUMAN
2991,PMM1_HUMAN
2992,RT17_HUMAN
2993,SC24D_HUMAN
2994,SIRT5_HUMAN
2995,SMRC1_HUMAN
2996,TRP13_HUMAN
2997,UBAP2_HUMAN
2998,ZBT7A_HUMAN
2999,1B54_HUMAN
3000,AKAP2_HUMAN
3001,APMAP_HUMAN
3002,CENPB_HUMAN
3003,CP250_HUMAN
3004,DDX59_HUMAN
3005,GAG2A_HUMAN
3006,GAG2B_HUMAN
3007,GAG2E_HUMAN
3008,GAGE1_HUMAN
3009,GAGE8_HUMAN
3010,HTF4_HUMAN
3011,KBP_HUMAN
3012,KLDC4_HUMAN
3013,MK01_HUMAN
3014,MK04_HUMAN
3015,MK06_HUMAN
3016,MSRB2_HUMAN
3017,MYO9B_HUMAN
3018,PLAP_HUMAN
3019,TSC2_HUMAN
3020,TXLNA_HUMAN
3021,U2AF2_HUMAN
3022,UBP37_HUMAN
3023,ZN768_HUMAN
3024,GIPC1_HUMAN
3025,M3K3_HUMAN
3026,NFS1_HUMAN
3027,S100P_HUMAN
3028,SYAM_HUMAN
3029,FHL3_HUMAN
3030,MK15_HUMAN
3031,RS25_HUMAN
3032,TSR1_HUMAN
3033,ARRB2_HUMAN
3034,PPHLN_HUMAN
3035,AHDC1_HUMAN
3036,ATLA3_HUMAN
3037,CF211_HUMAN
3038,CYB5B_HUMAN
3039,DIAP1_HUMAN
3040,ELOB_HUMAN
3041,FER_HUMAN
3042,FES_HUMAN
3043,KAD3_HUMAN
3044,LS14B_HUMAN
3045,PAF_HUMAN
3046,RTN4_HUMAN
3047,SH319_HUMAN
3048,VATB1_HUMAN
3049,VATB2_HUMAN
3050,ATBD4_HUMAN
3051,COR1C_HUMAN
3052,DLDH_HUMAN
3053,HPRT_HUMAN
3054,P3H2_HUMAN
3055,PPGB_HUMAN
3056,QRIC1_HUMAN
3057,RCD1_HUMAN
3058,SEC63_HUMAN
3059,SEP11_HUMAN
3060,SYF1_HUMAN
3061,TXD17_HUMAN
3062,VTA1_HUMAN
3063,WASF3_HUMAN
3064,WASF4_HUMAN
3065,AKP8L_HUMAN
3066,FGFR1_HUMAN
3067,FGFR3_HUMAN
3068,G45IP_HUMAN
3069,PEX14_HUMAN
3070,REST_HUMAN
3071,RO60_HUMAN
3072,TDIF2_HUMAN
3073,ZC3H3_HUMAN
3074,AT1B3_HUMAN
3075,BRK1_HUMAN
3076,FGFR2_HUMAN
3077,GBG10_HUMAN
3078,MOV10_HUMAN
3079,PKCB1_HUMAN
3080,PURG_HUMAN
3081,RM35_HUMAN
3082,RN114_HUMAN
3083,SNAA_HUMAN
3084,SNAB_HUMAN
3085,ASH2L_HUMAN
3086,CCD50_HUMAN
3087,TDRD3_HUMAN
3088,FGFR4_HUMAN
3089,RAB9A_HUMAN
3090,FGR_HUMAN
3091,FYN_HUMAN
3092,LIMS1_HUMAN
3093,YES_HUMAN
3094,VGFR1_HUMAN
3095,ARPC3_HUMAN
3096,AT5EL_HUMAN
3097,ATP5E_HUMAN
3098,B4GN4_HUMAN
3099,CATK_HUMAN
3100,CATL2_HUMAN
3101,CATL3_HUMAN
3102,CUL4B_HUMAN
3103,FLT3_HUMAN
3104,GPX4_HUMAN
3105,LEG3_HUMAN
3106,M3K15_HUMAN
3107,NFX1_HUMAN
3108,RAE1L_HUMAN
3109,RPP29_HUMAN
3110,SSNA1_HUMAN
3111,STX4_HUMAN
3112,TRM61_HUMAN
3113,TWF2_HUMAN
3114,WDR48_HUMAN
3115,C99L2_HUMAN
3116,KDEL2_HUMAN
3117,KTNB1_HUMAN
3118,SRP54_HUMAN
3119,USF1_HUMAN
3120,VGFR3_HUMAN
3121,CJ071_HUMAN
3122,CSF1R_HUMAN
3123,HSPB7_HUMAN
3124,RBM27_HUMAN
3125,ANKH1_HUMAN
3126,CASP4_HUMAN
3127,CCZ1L_HUMAN
3128,CCZ1_HUMAN
3129,ECEL1_HUMAN
3130,GGA2_HUMAN
3131,GRPE1_HUMAN
3132,IDE_HUMAN
3133,IMA1_HUMAN
3134,IMA5_HUMAN
3135,IMA7_HUMAN
3136,JMJD6_HUMAN
3137,KIRR1_HUMAN
3138,LCK_HUMAN
3139,MAVS_HUMAN
3140,MLL1_HUMAN
3141,PB1_HUMAN
3142,PEPL_HUMAN
3143,RFC5_HUMAN
3144,RSRC2_HUMAN
3145,RUFY1_HUMAN
3146,SAP30_HUMAN
3147,SCAM1_HUMAN
3148,SDC2_HUMAN
3149,SRC_HUMAN
3150,UBA6_HUMAN
3151,VPRBP_HUMAN
3152,BTBD1_HUMAN
3153,GLO2_HUMAN
3154,M4K2_HUMAN
3155,M4K3_HUMAN
3156,PI42A_HUMAN
3157,RL37A_HUMAN
3158,SMD1_HUMAN
3159,YTHD3_HUMAN
3160,YU007_HUMAN
3161,E2AK4_HUMAN
3162,CBX3_HUMAN
3163,COPR5_HUMAN
3164,EAA1_HUMAN
3165,GRK5_HUMAN
3166,GRK6_HUMAN
3167,WAHS7_HUMAN
3168,ATP5I_HUMAN
3169,B2L13_HUMAN
3170,EI2BE_HUMAN
3171,FACD2_HUMAN
3172,GRK7_HUMAN
3173,LRBA_HUMAN
3174,MIER3_HUMAN
3175,HPBP1_HUMAN
3176,P4HTM_HUMAN
3177,TTC27_HUMAN
3178,HCK_HUMAN
3179,LYN_HUMAN
3180,TP4A1_HUMAN
3181,TP4A2_HUMAN
3182,ACOT9_HUMAN
3183,ARF1_HUMAN
3184,ARF3_HUMAN
3185,CHM4A_HUMAN
3186,CNGB1_HUMAN
3187,EIF3F_HUMAN
3188,ENY2_HUMAN
3189,HNRH3_HUMAN
3190,MPH6_HUMAN
3191,MTNA_HUMAN
3192,RBM12_HUMAN
3193,ROAA_HUMAN
3194,SNP29_HUMAN
3195,TBB6_HUMAN
3196,BIRC6_HUMAN
3197,HIPK1_HUMAN
3198,HIPK2_HUMAN
3199,OTUD5_HUMAN
3200,HIPK3_HUMAN
3201,ATX3_HUMAN
3202,CD2AP_HUMAN
3203,HIPK4_HUMAN
3204,VCIP1_HUMAN
3205,E2AK1_HUMAN
3206,PTEN_HUMAN
3207,HASP_HUMAN
3208,MACD1_HUMAN
3209,RBMX2_HUMAN
3210,E2AK2_HUMAN
3211,ICK_HUMAN
3212,LAGE3_HUMAN
3213,MAK_HUMAN
3214,RIPL2_HUMAN
3215,CO029_HUMAN
3216,DGC14_HUMAN
3217,IGF1R_HUMAN
3218,INSR_HUMAN
3219,TSR2_HUMAN
3220,UBL4A_HUMAN
3221,CCD12_HUMAN
3222,CHCH8_HUMAN
3223,COR1B_HUMAN
3224,CSTF2_HUMAN
3225,CSTFT_HUMAN
3226,F136A_HUMAN
3227,GATCL_HUMAN
3228,H2AV_HUMAN
3229,H2AZ_HUMAN
3230,IKKA_HUMAN
3231,PP2BA_HUMAN
3232,RA54B_HUMAN
3233,T2EB_HUMAN
3234,TRIA1_HUMAN
3235,ACBD6_HUMAN
3236,AMPL_HUMAN
3237,APC1_HUMAN
3238,ARHG1_HUMAN
3239,AT1A4_HUMAN
3240,ATE1_HUMAN
3241,BAG1_HUMAN
3242,BGLR_HUMAN
3243,BRCC3_HUMAN
3244,BROX_HUMAN
3245,CCD21_HUMAN
3246,CEP97_HUMAN
3247,CF106_HUMAN
3248,CJ118_HUMAN
3249,D3D2_HUMAN
3250,GEMI2_HUMAN
3251,GPKOW_HUMAN
3252,GPX1_HUMAN
3253,HBXIP_HUMAN
3254,HDDC2_HUMAN
3255,HMMR_HUMAN
3256,IKKB_HUMAN
3257,ITA2_HUMAN
3258,MCM3A_HUMAN
3259,MOBL3_HUMAN
3260,NU205_HUMAN
3261,PRKRA_HUMAN
3262,PTRF_HUMAN
3263,QCR6_HUMAN
3264,RAB1A_HUMAN
3265,RAB1B_HUMAN
3266,RAI14_HUMAN
3267,RM50_HUMAN
3268,RPR1B_HUMAN
3269,SNP23_HUMAN
3270,SNX9_HUMAN
3271,SPTN2_HUMAN
3272,TBX3_HUMAN
3273,TNR6_HUMAN
3274,TPPC8_HUMAN
3275,TRM2A_HUMAN
3276,UBQL1_HUMAN
3277,UBQL4_HUMAN
3278,VAMP8_HUMAN
3279,VAPB_HUMAN
3280,ABEC1_HUMAN
3281,CALL3_HUMAN
3282,CD99_HUMAN
3283,DPY30_HUMAN
3284,IKKE_HUMAN
3285,NAT10_HUMAN
3286,NOL7_HUMAN
3287,PML_HUMAN
3288,TPM1_HUMAN
3289,TPM3_HUMAN
3290,ZN207_HUMAN
3291,ASGL1_HUMAN
3292,CHC10_HUMAN
3293,DSC2_HUMAN
3294,IPP2L_HUMAN
3295,M4K5_HUMAN
3296,NOG1_HUMAN
3297,DCA15_HUMAN
3298,KCNH1_HUMAN
3299,MLL2_HUMAN
3300,NEUR1_HUMAN
3301,PFD1_HUMAN
3302,PICAL_HUMAN
3303,TCF20_HUMAN
3304,DUS1L_HUMAN
3305,IRAK4_HUMAN
3306,CKS2_HUMAN
3307,INSRR_HUMAN
3308,IST1_HUMAN
3309,ANR11_HUMAN
3310,BUD13_HUMAN
3311,CCD97_HUMAN
3312,DMRT1_HUMAN
3313,DYH11_HUMAN
3314,ITK_HUMAN
3315,JAK1_HUMAN
3316,KIT_HUMAN
3317,ZNF30_HUMAN
3318,CK067_HUMAN
3319,FLVC1_HUMAN
3320,JAK2_HUMAN
3321,STX5_HUMAN
3322,WDR62_HUMAN
3323,CRTC1_HUMAN
3324,CS025_HUMAN
3325,F177A_HUMAN
3326,GCDH_HUMAN
3327,GLOD4_HUMAN
3328,JAK3_HUMAN
3329,MAST3_HUMAN
3330,MTA1_HUMAN
3331,MTA3_HUMAN
3332,MUC1_HUMAN
3333,NARFL_HUMAN
3334,NCOA7_HUMAN
3335,PP1RA_HUMAN
3336,RALB_HUMAN
3337,RBG1L_HUMAN
3338,S23IP_HUMAN
3339,SETD7_HUMAN
3340,SOS1_HUMAN
3341,SOS2_HUMAN
3342,TBCE_HUMAN
3343,ADAM9_HUMAN
3344,AMRA1_HUMAN
3345,BASP1_HUMAN
3346,CA144_HUMAN
3347,CLPB_HUMAN
3348,DPYL5_HUMAN
3349,GUAA_HUMAN
3350,HELB_HUMAN
3351,IBP3_HUMAN
3352,MK08_HUMAN
3353,MK10_HUMAN
3354,PSB2_HUMAN
3355,RD23B_HUMAN
3356,SEN15_HUMAN
3357,U402_HUMAN
3358,VASN_HUMAN
3359,WDR11_HUMAN
3360,XPO4_HUMAN
3361,MK09_HUMAN
3362,PDIP3_HUMAN
3363,PXDC1_HUMAN
3364,TANC2_HUMAN
3365,ZCCHL_HUMAN
3366,LRC59_HUMAN
3367,MP2K4_HUMAN
3368,PDP2_HUMAN
3369,DHPR_HUMAN
3370,FA98B_HUMAN
3371,KAD4_HUMAN
3372,NTF2_HUMAN
3373,ODP2_HUMAN
3374,PTGR1_HUMAN
3375,SPC24_HUMAN
3376,ZDH23_HUMAN
3377,SLX4_HUMAN
3378,FSTL3_HUMAN
3379,KAZRN_HUMAN
3380,LATS2_HUMAN
3381,DDX27_HUMAN
3382,OCTC_HUMAN
3383,OSBL8_HUMAN
3384,PI3R4_HUMAN
3385,EGFL7_HUMAN
3386,ROA0_HUMAN
3387,SNR27_HUMAN
3388,TIMP2_HUMAN
3389,LIMK1_HUMAN
3390,OFUT2_HUMAN
3391,PCMD1_HUMAN
3392,LIMK2_HUMAN
3393,NMT1_HUMAN
3394,RPGP2_HUMAN
3395,STK11_HUMAN
3396,STRAA_HUMAN
3397,TRIM4_HUMAN
3398,KCTD3_HUMAN
3399,NP1L2_HUMAN
3400,BMP2K_HUMAN
3401,DDA1_HUMAN
3402,LRRK2_HUMAN
3403,M3K7_HUMAN
3404,RGMC_HUMAN
3405,BICD2_HUMAN
3406,CQ089_HUMAN
3407,LTK_HUMAN
3408,QKI_HUMAN
3409,TM1L1_HUMAN
3410,TMCO7_HUMAN
3411,CE024_HUMAN
3412,EXOSX_HUMAN
3413,WIPF2_HUMAN
3414,M3K13_HUMAN
3415,FUBP3_HUMAN
3416,MP2K1_HUMAN
3417,MP2K2_HUMAN
3418,MP2K3_HUMAN
3419,SFR16_HUMAN
3420,MP2K5_HUMAN
3421,EST8_HUMAN
3422,MP2K7_HUMAN
3423,AT7L2_HUMAN
3424,M3K1_HUMAN
3425,OSBL9_HUMAN
3426,PREP_HUMAN
3427,PSME3_HUMAN
3428,SCAM2_HUMAN
3429,TUT1_HUMAN
3430,CSN8_HUMAN
3431,ERF3B_HUMAN
3432,PARP8_HUMAN
3433,ZMYM2_HUMAN
3434,MYL1_HUMAN
3435,MYL3_HUMAN
3436,PP2BC_HUMAN
3437,TLN2_HUMAN
3438,M3K4_HUMAN
3439,M3K5_HUMAN
3440,CCDC9_HUMAN
3441,KDM5D_HUMAN
3442,MAPK2_HUMAN
3443,MK11_HUMAN
3444,NUF2_HUMAN
3445,RABE1_HUMAN
3446,RHG28_HUMAN
3447,SELB_HUMAN
3448,TBC9B_HUMAN
3449,CE051_HUMAN
3450,CH055_HUMAN
3451,CT030_HUMAN
3452,DSN1_HUMAN
3453,FA18B_HUMAN
3454,GDS1_HUMAN
3455,LSM1_HUMAN
3456,LST8_HUMAN
3457,MYO1C_HUMAN
3458,NAGPA_HUMAN
3459,OSBL3_HUMAN
3460,PACS1_HUMAN
3461,RAB34_HUMAN
3462,RIN1_HUMAN
3463,RPAP2_HUMAN
3464,SLMAP_HUMAN
3465,SVIP_HUMAN
3466,SYHC_HUMAN
3467,T2EA_HUMAN
3468,TBK1_HUMAN
3469,TF3C2_HUMAN
3470,UBA3_HUMAN
3471,WIZ_HUMAN
3472,ZBT11_HUMAN
3473,KIF4A_HUMAN
3474,KIF4B_HUMAN
3475,MAPK5_HUMAN
3476,NU133_HUMAN
3477,QSER1_HUMAN
3478,SIK2_HUMAN
3479,SSH1_HUMAN
3480,5NT3_HUMAN
3481,AGAL_HUMAN
3482,BID_HUMAN
3483,CE350_HUMAN
3484,EIF3M_HUMAN
3485,GGA3_HUMAN
3486,GOGA2_HUMAN
3487,GOGB1_HUMAN
3488,M4K4_HUMAN
3489,MARK1_HUMAN
3490,MGN2_HUMAN
3491,MGN_HUMAN
3492,PI4KB_HUMAN
3493,AT5F1_HUMAN
3494,ATF6A_HUMAN
3495,BPA1_HUMAN
3496,CD320_HUMAN
3497,DEPD5_HUMAN
3498,ES1_HUMAN
3499,FERM1_HUMAN
3500,GALA_HUMAN
3501,HCDH_HUMAN
3502,KI13A_HUMAN
3503,NGAP_HUMAN
3504,PITM2_HUMAN
3505,PLCB3_HUMAN
3506,RGC32_HUMAN
3507,UFL1_HUMAN
3508,GPTC2_HUMAN
3509,K0947_HUMAN
3510,PTCD3_HUMAN
3511,RGS10_HUMAN
3512,WDR17_HUMAN
3513,CDR2L_HUMAN
3514,D11L8_HUMAN
3515,DDX11_HUMAN
3516,EXOC3_HUMAN
3517,MARK4_HUMAN
3518,MYCPP_HUMAN
3519,PATZ1_HUMAN
3520,RBPS2_HUMAN
3521,SUMO1_HUMAN
3522,UBP42_HUMAN
3523,MAST1_HUMAN
3524,MAST4_HUMAN
3525,MELK_HUMAN
3526,GEMI_HUMAN
3527,K0564_HUMAN
3528,MERTK_HUMAN
3529,SLBP_HUMAN
3530,CS010_HUMAN
3531,GNPI2_HUMAN
3532,ARP2_HUMAN
3533,BCL10_HUMAN
3534,CD2A1_HUMAN
3535,CDC42_HUMAN
3536,CDN2B_HUMAN
3537,EI2BA_HUMAN
3538,OTU6B_HUMAN
3539,RASH_HUMAN
3540,SBDS_HUMAN
3541,SPIT1_HUMAN
3542,XIRP2_HUMAN
3543,ANXA6_HUMAN
3544,EXOS9_HUMAN
3545,LUC7L_HUMAN
3546,SYHM_HUMAN
3547,THTM_HUMAN
3548,M3K10_HUMAN
3549,SMD3_HUMAN
3550,ACOT8_HUMAN
3551,LYPA2_HUMAN
3552,M3K11_HUMAN
3553,MKL2_HUMAN
3554,OXSM_HUMAN
3555,PON2_HUMAN
3556,SP100_HUMAN
3557,SWP70_HUMAN
3558,MKNK1_HUMAN
3559,INP4A_HUMAN
3560,KS6A6_HUMAN
3561,MKNK2_HUMAN
3562,MUTED_HUMAN
3563,TISB_HUMAN
3564,VP37A_HUMAN
3565,AATF_HUMAN
3566,DDI2_HUMAN
3567,MOK_HUMAN
3568,MOS_HUMAN
3569,RUSD2_HUMAN
3570,MRCKA_HUMAN
3571,KIF23_HUMAN
3572,MYPT2_HUMAN
3573,BCL9_HUMAN
3574,CA226_HUMAN
3575,CCAR1_HUMAN
3576,CDK17_HUMAN
3577,CEP78_HUMAN
3578,CIRBP_HUMAN
3579,DEN5B_HUMAN
3580,F117B_HUMAN
3581,KS6A5_HUMAN
3582,MUTA_HUMAN
3583,NCOA5_HUMAN
3584,NOSIP_HUMAN
3585,PBIP1_HUMAN
3586,PYGB_HUMAN
3587,RAPH1_HUMAN
3588,RHG39_HUMAN
3589,RNF12_HUMAN
3590,RT36_HUMAN
3591,SC61B_HUMAN
3592,SCAP_HUMAN
3593,SPICE_HUMAN
3594,SUSD5_HUMAN
3595,TUT7_HUMAN
3596,KS6A4_HUMAN
3597,SRPK3_HUMAN
3598,C19L1_HUMAN
3599,CETN2_HUMAN
3600,CF223_HUMAN
3601,DLRB1_HUMAN
3602,DLRB2_HUMAN
3603,DYH17_HUMAN
3604,GPTC4_HUMAN
3605,NSE2_HUMAN
3606,STK3_HUMAN
3607,TCEA2_HUMAN
3608,WDR5_HUMAN
3609,PRDC1_HUMAN
3610,RL37_HUMAN
3611,RNT2_HUMAN
3612,S10A6_HUMAN
3613,STK25_HUMAN
3614,MPP6_HUMAN
3615,MRP6_HUMAN
3616,PPE1_HUMAN
3617,PPME1_HUMAN
3618,CC150_HUMAN
3619,CSN6_HUMAN
3620,FBX42_HUMAN
3621,MUSK_HUMAN
3622,SPAG5_HUMAN
3623,UFC1_HUMAN
3624,ST38L_HUMAN
3625,STK38_HUMAN
3626,VAPA_HUMAN
3627,ZN787_HUMAN
3628,NEK11_HUMAN
3629,CNPY4_HUMAN
3630,CO6A1_HUMAN
3631,FWCH2_HUMAN
3632,HMG3M_HUMAN
3633,HMGB3_HUMAN
3634,NEK1_HUMAN
3635,RHOC_HUMAN
3636,RL36L_HUMAN
3637,SEN34_HUMAN
3638,ARFP1_HUMAN
3639,NEK2_HUMAN
3640,PGTB1_HUMAN
3641,PSMG2_HUMAN
3642,R3HC1_HUMAN
3643,TADBP_HUMAN
3644,GMFG_HUMAN
3645,NEK4_HUMAN
3646,TM214_HUMAN
3647,ABCF3_HUMAN
3648,AF1L2_HUMAN
3649,APOO_HUMAN
3650,BRE_HUMAN
3651,CDC16_HUMAN
3652,CUL2_HUMAN
3653,DGKE_HUMAN
3654,DYN2_HUMAN
3655,G6PE_HUMAN
3656,GCR_HUMAN
3657,LSM7_HUMAN
3658,MGMT_HUMAN
3659,NEK6_HUMAN
3660,PECI_HUMAN
3661,PLD3_HUMAN
3662,RAB10_HUMAN
3663,RAB12_HUMAN
3664,RAB1C_HUMAN
3665,RAB23_HUMAN
3666,RAB30_HUMAN
3667,RAB35_HUMAN
3668,RAB37_HUMAN
3669,RAB3A_HUMAN
3670,RAB3B_HUMAN
3671,RAB3C_HUMAN
3672,RAB3D_HUMAN
3673,RAB43_HUMAN
3674,RAB4A_HUMAN
3675,RAB4B_HUMAN
3676,RAB8A_HUMAN
3677,RAB8B_HUMAN
3678,RB39B_HUMAN
3679,RB43L_HUMAN
3680,RBGPR_HUMAN
3681,S39AE_HUMAN
3682,SEN54_HUMAN
3683,SPB6_HUMAN
3684,STRUM_HUMAN
3685,TDIF1_HUMAN
3686,TF2B_HUMAN
3687,TMEM2_HUMAN
3688,TRI47_HUMAN
3689,ZN281_HUMAN
3690,NEK7_HUMAN
3691,PMVK_HUMAN
3692,RHEB_HUMAN
3693,THOC1_HUMAN
3694,WDHD1_HUMAN
3695,H10_HUMAN
3696,JUNB_HUMAN
3697,M3K14_HUMAN
3698,ACADV_HUMAN
3699,AL4A1_HUMAN
3700,CASPA_HUMAN
3701,CPNE1_HUMAN
3702,CTR2_HUMAN
3703,ELMO2_HUMAN
3704,F1142_HUMAN
3705,FXRD1_HUMAN
3706,GBRL2_HUMAN
3707,IF4G2_HUMAN
3708,KCNK1_HUMAN
3709,KTHY_HUMAN
3710,L2GL1_HUMAN
3711,NAA38_HUMAN
3712,NIM1_HUMAN
3713,PAR1_HUMAN
3714,PCID2_HUMAN
3715,SPCS2_HUMAN
3716,TBL1X_HUMAN
3717,THADA_HUMAN
3718,TOIP2_HUMAN
3719,U119B_HUMAN
3720,ARP3B_HUMAN
3721,NLK_HUMAN
3722,PPIF_HUMAN
3723,NUAK1_HUMAN
3724,RSAD1_HUMAN
3725,CHCH7_HUMAN
3726,DDX24_HUMAN
3727,NUAK2_HUMAN
3728,ZFHX4_HUMAN
3729,CCD13_HUMAN
3730,MSTP9_HUMAN
3731,CCD18_HUMAN
3732,GCST_HUMAN
3733,HEAT6_HUMAN
3734,PRRX1_HUMAN
3735,ZHX2_HUMAN
3736,ZHX3_HUMAN
3737,CDCP1_HUMAN
3738,FB5L3_HUMAN
3739,FKB14_HUMAN
3740,GTSE1_HUMAN
3741,IL6RB_HUMAN
3742,RD23A_HUMAN
3743,RNH2B_HUMAN
3744,SYMPK_HUMAN
3745,BIN3_HUMAN
3746,CDN2C_HUMAN
3747,MARE3_HUMAN
3748,SFRS8_HUMAN
3749,CSKI2_HUMAN
3750,PAK6_HUMAN
3751,PAK7_HUMAN
3752,SPAST_HUMAN
3753,TT39C_HUMAN
3754,MAEA_HUMAN
3755,IQCD_HUMAN
3756,PASK_HUMAN
3757,ZN143_HUMAN
3758,CS034_HUMAN
3759,CTCF_HUMAN
3760,SFTA1_HUMAN
3761,VEZF1_HUMAN
3762,ZN460_HUMAN
3763,CDK16_HUMAN
3764,FA65A_HUMAN
3765,PGFRA_HUMAN
3766,CGBP1_HUMAN
3767,FOXL2_HUMAN
3768,NSA2_HUMAN
3769,PGFRB_HUMAN
3770,PDK1_HUMAN
3771,PDK2_HUMAN
3772,PDK3_HUMAN
3773,PDK4_HUMAN
3774,CP2S1_HUMAN
3775,E2AK3_HUMAN
3776,CDK14_HUMAN
3777,PHKG1_HUMAN
3778,PHKG2_HUMAN
3779,ADT4_HUMAN
3780,CT2NL_HUMAN
3781,IMDH1_HUMAN
3782,CPSF4_HUMAN
3783,LRSM1_HUMAN
3784,PIM1_HUMAN
3785,SPTB1_HUMAN
3786,ST5_HUMAN
3787,THIK_HUMAN
3788,PIM3_HUMAN
3789,RMI2_HUMAN
3790,AP1G1_HUMAN
3791,ARC1A_HUMAN
3792,DCA11_HUMAN
3793,ETHE1_HUMAN
3794,EXOS2_HUMAN
3795,RAE2_HUMAN
3796,RM39_HUMAN
3797,RM43_HUMAN
3798,SRSF7_HUMAN
3799,UIMC1_HUMAN
3800,ZN579_HUMAN
3801,ARSA_HUMAN
3802,EVI5L_HUMAN
3803,GSLG1_HUMAN
3804,H2A1A_HUMAN
3805,H2A1B_HUMAN
3806,H2A1C_HUMAN
3807,H2A1D_HUMAN
3808,H2A1H_HUMAN
3809,H2A1J_HUMAN
3810,H2A1_HUMAN
3811,H2A2A_HUMAN
3812,H2A2B_HUMAN
3813,H2A2C_HUMAN
3814,H2A3_HUMAN
3815,H2AJ_HUMAN
3816,H2AX_HUMAN
3817,NO66_HUMAN
3818,NPT2C_HUMAN
3819,P3C2B_HUMAN
3820,TGON2_HUMAN
3821,FA83G_HUMAN
3822,KAPCA_HUMAN
3823,KAPCB_HUMAN
3824,KAPCG_HUMAN
3825,MTMRD_HUMAN
3826,IPO11_HUMAN
3827,TECR_HUMAN
3828,KPCA_HUMAN
3829,KPCB_HUMAN
3830,KPCG_HUMAN
3831,ELAV3_HUMAN
3832,KPCE_HUMAN
3833,KPCL_HUMAN
3834,KPCI_HUMAN
3835,KPCT_HUMAN
3836,M1IP1_HUMAN
3837,KPCZ_HUMAN
3838,CSN7B_HUMAN
3839,KPCD3_HUMAN
3840,PDCD6_HUMAN
3841,ZCHC3_HUMAN
3842,CHD1_HUMAN
3843,NGDN_HUMAN
3844,RMTL1_HUMAN
3845,CBLN4_HUMAN
3846,FRYL_HUMAN
3847,KGP1_HUMAN
3848,ZBT7B_HUMAN
3849,PKN1_HUMAN
3850,MCRS1_HUMAN
3851,ARL8A_HUMAN
3852,ARL8B_HUMAN
3853,LZTL1_HUMAN
3854,PLK1_HUMAN
3855,PLK2_HUMAN
3856,EI2BG_HUMAN
3857,KIF14_HUMAN
3858,NDUS1_HUMAN
3859,NUP37_HUMAN
3860,PLK3_HUMAN
3861,PLK4_HUMAN
3862,ADA22_HUMAN
3863,GPR56_HUMAN
3864,PRKX_HUMAN
3865,PRKY_HUMAN
3866,RNF31_HUMAN
3867,FAK2_HUMAN
3868,FBN2_HUMAN
3869,ZN706_HUMAN
3870,CI023_HUMAN
3871,DOCK6_HUMAN
3872,DPOD2_HUMAN
3873,PI4KA_HUMAN
3874,SGF29_HUMAN
3875,SH3L3_HUMAN
3876,U2AF1_HUMAN
3877,U2AF4_HUMAN
3878,FGF18_HUMAN
3879,CBPC3_HUMAN
3880,HAUS8_HUMAN
3881,RET_HUMAN
3882,RK_HUMAN
3883,JUND_HUMAN
3884,RIPK2_HUMAN
3885,SRAC1_HUMAN
3886,ESRP1_HUMAN
3887,ESRP2_HUMAN
3888,GSKIP_HUMAN
3889,NUFP1_HUMAN
3890,RON_HUMAN
3891,ZHANG_HUMAN
3892,ROR1_HUMAN
3893,ROR2_HUMAN
3894,CTSR2_HUMAN
3895,ODB2_HUMAN
3896,RBBP6_HUMAN
3897,ROS_HUMAN
3898,ARAP1_HUMAN
3899,CA053_HUMAN
3900,DEN1A_HUMAN
3901,KS6A1_HUMAN
3902,KS6A2_HUMAN
3903,RPP30_HUMAN
3904,ABHD5_HUMAN
3905,DCAF7_HUMAN
3906,F91A1_HUMAN
3907,ILVBL_HUMAN
3908,RPA49_HUMAN
3909,UBP34_HUMAN
3910,ZC11A_HUMAN
3911,CPPED_HUMAN
3912,MBD4_HUMAN
3913,MVD1_HUMAN
3914,PDPK1_HUMAN
3915,PDPK2_HUMAN
3916,RFIP5_HUMAN
3917,RN219_HUMAN
3918,SGK1_HUMAN
3919,SIN1_HUMAN
3920,WASF1_HUMAN
3921,SGK2_HUMAN
3922,MILK1_HUMAN
3923,SGK3_HUMAN
3924,UBAP1_HUMAN
3925,PRAF2_HUMAN
3926,TR10B_HUMAN
3927,BICC1_HUMAN
3928,COQ5_HUMAN
3929,NLE1_HUMAN
3930,PAR15_HUMAN
3931,SIK1_HUMAN
3932,IKBE_HUMAN
3933,ZKSC1_HUMAN
3934,F18A1_HUMAN
3935,FSTL1_HUMAN
3936,SELM_HUMAN
3937,SRMS_HUMAN
3938,STK33_HUMAN
3939,STK39_HUMAN
3940,CSN7A_HUMAN
3941,DNJC3_HUMAN
3942,F120B_HUMAN
3943,RG9D2_HUMAN
3944,UBE2K_HUMAN
3945,HSBP1_HUMAN
3946,HMCS2_HUMAN
3947,MICA3_HUMAN
3948,PGH2_HUMAN
3949,YD021_HUMAN
3950,ZBTB2_HUMAN
3951,NLTP_HUMAN
3952,TAOK1_HUMAN
3953,TAOK2_HUMAN
3954,KRT35_HUMAN
3955,MYH11_HUMAN
3956,MYH14_HUMAN
3957,TANK_HUMAN
3958,DMAP1_HUMAN
3959,GNAI1_HUMAN
3960,LYRM4_HUMAN
3961,TEC_HUMAN
3962,TESK1_HUMAN
3963,TESK2_HUMAN
3964,TGFR1_HUMAN
3965,TIE2_HUMAN
3966,BRCA1_HUMAN
3967,BRE1A_HUMAN
3968,CA198_HUMAN
3969,CB079_HUMAN
3970,CF057_HUMAN
3971,JHD2C_HUMAN
3972,LTBP3_HUMAN
3973,PYGO2_HUMAN
3974,SETB1_HUMAN
3975,TLK2_HUMAN
3976,TTC28_HUMAN
3977,WWTR1_HUMAN
3978,ZFY16_HUMAN
3979,ZN687_HUMAN
3980,SDS3_HUMAN
3981,SPF27_HUMAN
3982,USF2_HUMAN
3983,5NTC_HUMAN
3984,C2D1B_HUMAN
3985,MBNL2_HUMAN
3986,ZNHI2_HUMAN
3987,ADRM1_HUMAN
3988,ARPC2_HUMAN
3989,ATG7_HUMAN
3990,DPP9_HUMAN
3991,ERG7_HUMAN
3992,FBN1_HUMAN
3993,HIF1N_HUMAN
3994,OTU7B_HUMAN
3995,PP2BB_HUMAN
3996,RCOR1_HUMAN
3997,RIC8B_HUMAN
3998,TMED8_HUMAN
3999,TNK1_HUMAN
4000,VDAC1_HUMAN
4001,TNI3K_HUMAN
4002,NTRK1_HUMAN
4003,NTRK2_HUMAN
4004,NTRK3_HUMAN
4005,CAZA2_HUMAN
4006,NMT2_HUMAN
4007,SPEE_HUMAN
4008,TPP1_HUMAN
4009,CG036_HUMAN
4010,CJ046_HUMAN
4011,COG7_HUMAN
4012,CQ059_HUMAN
4013,DIAP3_HUMAN
4014,GEMI4_HUMAN
4015,ITA3_HUMAN
4016,ITAV_HUMAN
4017,MED19_HUMAN
4018,SSRG_HUMAN
4019,TB22A_HUMAN
4020,TOIP1_HUMAN
4021,TRM6_HUMAN
4022,TRPS1_HUMAN
4023,TSSK1_HUMAN
4024,TTK_HUMAN
4025,UB2Q1_HUMAN
4026,WDR70_HUMAN
4027,WDR81_HUMAN
4028,ZN673_HUMAN
4029,CCD91_HUMAN
4030,EVI5_HUMAN
4031,S12A2_HUMAN
4032,TMF1_HUMAN
4033,TSSK2_HUMAN
4034,NOL10_HUMAN
4035,TTBK1_HUMAN
4036,TXK_HUMAN
4037,TYK2_HUMAN
4038,MMS19_HUMAN
4039,TYRO3_HUMAN
4040,BIG1_HUMAN
4041,RING2_HUMAN
4042,ULK3_HUMAN
4043,VRK2_HUMAN
4044,SPDLY_HUMAN
4045,WEE1_HUMAN
4046,WNK3_HUMAN
4047,WNK4_HUMAN
4048,ZN629_HUMAN
4049,LRC4B_HUMAN
4050,ZAP70_HUMAN
4051,ANFY1_HUMAN
4052,ANK2_HUMAN
4053,MK14_HUMAN
4054,PCFT_HUMAN
4055,RT18B_HUMAN
4056,ALR_HUMAN
4057,BOLA1_HUMAN
4058,BORA_HUMAN
4059,CASP9_HUMAN
4060,CI016_HUMAN
4061,GRIN1_HUMAN
4062,IF16_HUMAN
4063,LMBL2_HUMAN
4064,MK13_HUMAN
4065,PKHG2_HUMAN
4066,SKA3_HUMAN
4067,VP13D_HUMAN
4068,DLG5_HUMAN
4069,EMSY_HUMAN
4070,FZD6_HUMAN
4071,HMGN1_HUMAN
4072,MK12_HUMAN
4073,ZN609_HUMAN
4074,KS6B2_HUMAN
4075,ATS1_HUMAN
4076,CARM1_HUMAN
4077,CLN3_HUMAN
4078,DPOE1_HUMAN
4079,EHMT2_HUMAN
4080,GOSR1_HUMAN
4081,KS6B1_HUMAN
4082,LIN9_HUMAN
4083,RM38_HUMAN
4084,SART3_HUMAN
4085,SENP6_HUMAN
4086,SNF5_HUMAN
4087,UBN1_HUMAN
4088,MYLK2_HUMAN
4089,MYLK3_HUMAN
4090,MYLK_HUMAN
4091,CT007_HUMAN
4092,MO4L2_HUMAN
4093,QCR1_HUMAN
4094,SYT9_HUMAN
4095,AT2A2_HUMAN
4096,KCRU_HUMAN
4097,MLKL_HUMAN
4098,PPR3F_HUMAN
4099,RPC9_HUMAN
4100,FGD4_HUMAN
4101,FOXD4_HUMAN
4102,PKD1_HUMAN
4103,SPT2_HUMAN
4104,UBQLN_HUMAN
4105,CIR1_HUMAN
4106,GEMI8_HUMAN
4107,GOGA5_HUMAN
4108,IKBB_HUMAN
4109,GPN3_HUMAN
4110,PHF8_HUMAN
4111,RBM6_HUMAN
4112,MBD2_HUMAN
4113,ARSB_HUMAN
4114,TEX28_HUMAN
4115,ZNF24_HUMAN
4116,NF1_HUMAN
4117,PK3C3_HUMAN
4118,P85A_HUMAN
4119,PK3CB_HUMAN
4120,PI3R5_HUMAN
4121,PK3CG_HUMAN
4122,PI4P1_HUMAN
4123,PI51C_HUMAN
4124,RT07_HUMAN
4125,FLOT1_HUMAN
4126,PIWL4_HUMAN
4127,SPHK2_HUMAN
